cliente_id;nombre;apellido;email;telefono;fecha_registro;ciudad;pais
1;Chuy;Herranz;chuy.herranz.6149@yahoo.com;+34 942227607;2023-12-05;Punta del Este;Uruguay
2;Carla;Valderrama;carla.valderrama.4102@gmail.com;+34811 008 493;2023-12-05;Valparaíso;Chile
3;Petrona;Bravo;petrona.bravo.6153@yahoo.com;+34818 771 842;2023-12-07;Córdoba;Argentina
4;Nacho;Córdoba;nacho.cordoba.6156@outlook.com;+34974 829 303;2023-12-07;Montevideo;Uruguay
5;Mohamed;Macías;mohamed.macias.8205@outlook.com;+34949484864;2023-12-08;Rosario;Argentina
6;José Antonio;Anguita;joseantonio.anguita.6163@yahoo.com;+34 847 03 55 29;2023-12-09;Salto;Uruguay
7;Santiago;Carlos;santiago.carlos.4117@outlook.com;+34 710 88 16 00;2023-12-10;Córdoba;Argentina
8;Ciríaco;Pont;ciriaco.pont.4118@outlook.com;+34875 12 24 88;2023-12-11;Barcelona;España
9;Flavio;Avilés;flavio.aviles.8217@outlook.com;+34 987 090 236;2023-12-11;Sevilla;España
10;Mercedes;Martin;mercedes.martin.6169@outlook.com;+34 922 016 301;2023-12-12;Salto;Uruguay
11;Cecilia;Amaya;cecilia.amaya.6175@gmail.com;+34 736 88 94 47;2023-12-13;Salto;Uruguay
12;Violeta;Sierra;violeta.sierra.2079@outlook.com;+34 883 79 16 11;2023-12-14;Punta del Este;Uruguay
13;Gerardo;Mendizábal;gerardo.mendizabal.8226@hotmail.com;+34 923 177 425;2023-12-15;Madrid;España
14;Vidal;Pavón;vidal.pavon.6179@gmail.com;+34949 689 848;2023-12-15;Valparaíso;Chile
15;Hector;Beltran;hector.beltran.4135@outlook.com;+34 974 802 839;2023-12-15;Santiago;Chile
16;Teófila;Peiró;teofila.peiro.2089@hotmail.com;+34849 366 700;2023-12-15;Montevideo;Uruguay
17;Samuel;Baños;samuel.baños.6193@hotmail.com;+34927611036;2023-12-16;Concepción;Chile
18;Pascuala;Naranjo;pascuala.naranjo.2103@gmail.com;+34 837 286 990;2023-12-16;Barcelona;España
19;Carlito;Chaves;carlito.chaves.4151@hotmail.com;+34 842 22 77 84;2023-12-16;Córdoba;Argentina
20;Samu;Blázquez;samu.blazquez.6201@yahoo.com;+34822945255;2023-12-18;Buenos Aires;Argentina
21;Francisco Jose;Corral;franciscojose.corral.2111@hotmail.com;+34 806629722;2023-12-19;Punta del Este;Uruguay
22;Inmaculada;Cornejo;inmaculada.cornejo.8255@yahoo.com;+34 722 21 82 25;2023-12-20;Montevideo;Uruguay
23;Rafael;Alcázar;rafael.alcazar.4160@hotmail.com;+34 849164294;2023-12-23;Valparaíso;Chile
24;Salomé;Martinez;salome.martinez.8258@yahoo.com;+34881905877;2023-12-23;Salto;Uruguay
25;Loreto;Batalla;loreto.batalla.6211@outlook.com;+34 984 62 95 16;2023-12-23;Barcelona;España
26;Gustavo;Bellido;gustavo.bellido.6212@outlook.com;+34 971 63 84 19;2023-12-23;Santiago;Chile
27;Ricardo;Prado;ricardo.prado.4164@yahoo.com;+34806 109 165;2023-12-24;Córdoba;Argentina
28;Clímaco;Calvet;climaco.calvet.4166@gmail.com;+34 713 82 85 69;2023-12-24;Barcelona;España
29;Jordi;Español;jordi.español.6216@yahoo.com;+34873085509;2023-12-25;Barcelona;España
30;Eugenio;Frías;eugenio.frias.4169@outlook.com;+34 942 54 30 95;2023-12-25;Buenos Aires;Argentina
31;Carlos;Escamilla;carlos.escamilla.6230@yahoo.com;+34 969894368;2023-12-26;Córdoba;Argentina
32;Desiderio;Toro;desiderio.toro.2135@gmail.com;+34881 654 121;2023-12-27;Córdoba;Argentina
33;Susana;Noriega;susana.noriega.8280@gmail.com;+34 926 60 69 22;2023-12-27;Salto;Uruguay
34;Carina;Romeu;carina.romeu.2137@outlook.com;+34 846751357;2023-12-29;Rosario;Argentina
35;Anna;Sastre;anna.sastre.8287@gmail.com;+34875 639 456;2023-12-31;Madrid;España
36;Florentina;Salvà;florentina.salvà.4193@outlook.com;+34 944 12 85 42;2024-01-01;Madrid;España
37;Andrea;Sans;andrea.sans.6244@hotmail.com;+34876 560 581;2024-01-02;Sevilla;España
38;Azahar;Ayllón;azahar.ayllon.2149@hotmail.com;+34888 260 097;2024-01-02;Rosario;Argentina
39;Selena;Solé;selena.sole.6246@outlook.com;+34 824999475;2024-01-04;Santiago;Chile
40;Claudio;Bartolomé;claudio.bartolome.8295@yahoo.com;+34926 90 95 00;2024-01-05;Córdoba;Argentina
41;Julieta;Segovia;julieta.segovia.8301@yahoo.com;+34 984 529 322;2024-01-05;Montevideo;Uruguay
42;Porfirio;Morata;porfirio.morata.6256@yahoo.com;+34939591696;2024-01-07;Salto;Uruguay
43;Benito;Salcedo;benito.salcedo.8305@hotmail.com;+34984 53 16 07;2024-01-07;Valparaíso;Chile
44;Basilio;Iniesta;basilio.iniesta.2162@hotmail.com;+34 923195665;2024-01-08;Rosario;Argentina
45;Eric;Paz;eric.paz.8306@gmail.com;+34872 25 85 71;2024-01-09;Madrid;España
46;Silvia;Bustos;silvia.bustos.4212@hotmail.com;+34948 585 925;2024-01-09;Madrid;España
47;Teresa;Benet;teresa.benet.6263@outlook.com;+34 938845139;2024-01-09;Barcelona;España
48;Gaspar;Murcia;gaspar.murcia.8312@gmail.com;+34 973 09 96 30;2024-01-10;Salto;Uruguay
49;Martín;Gomis;martin.gomis.2168@outlook.com;+34 730 749 204;2024-01-12;Sevilla;España
50;Marcia;Madrigal;marcia.madrigal.8313@gmail.com;+34 736 716 322;2024-01-13;Madrid;España
51;África;Solsona;africa.solsona.4217@outlook.com;+34976 313 013;2024-01-13;Concepción;Chile
52;Alondra;Prieto;alondra.prieto.6270@hotmail.com;+34 745198186;2024-01-14;Valparaíso;Chile
53;Mariana;Vaquero;mariana.vaquero.8320@gmail.com;+34 986586439;2024-01-16;Valparaíso;Chile
54;Leire;Castrillo;leire.castrillo.8321@gmail.com;+34 876552517;2024-01-17;Madrid;España
55;Fátima;Rovira;fatima.rovira.2178@yahoo.com;+34 948 236 164;2024-01-17;Rosario;Argentina
56;Hermenegildo;Echevarría;hermenegildo.echevarria.4231@yahoo.com;+34981062288;2024-01-17;Madrid;España
57;Julio;Torrens;julio.torrens.4232@gmail.com;+34806 791 453;2024-01-18;Valparaíso;Chile
58;Lola;Lerma;lola.lerma.2186@outlook.com;+34 877837637;2024-01-19;Concepción;Chile
59;Eugenio;Molins;eugenio.molins.6285@yahoo.com;+34818553761;2024-01-19;Córdoba;Argentina
60;Eusebio;Planas;eusebio.planas.4243@yahoo.com;+34959382313;2024-01-20;Madrid;España
61;Flora;Costa;flora.costa.2195@yahoo.com;+34 883904725;2024-01-20;Córdoba;Argentina
62;Hipólito;Carnero;hipolito.carnero.8339@gmail.com;+34882 769 792;2024-01-21;Santiago;Chile
63;Maricela;Marquez;maricela.marquez.6295@gmail.com;+34 822822201;2024-01-22;Córdoba;Argentina
64;Ibán;Pareja;iban.pareja.4249@gmail.com;+34843 990 632;2024-01-24;Salto;Uruguay
65;Sebastián;Ayala;sebastian.ayala.6302@hotmail.com;+34 876120250;2024-01-24;Barcelona;España
66;Adela;Reig;adela.reig.4255@gmail.com;+34844 79 51 14;2024-01-24;Sevilla;España
67;Jordi;Feliu;jordi.feliu.6138@outlook.com;+34 920 081 899;2024-01-26;Concepción;Chile
68;Román;Pozo;roman.pozo.2214@gmail.com;+34925 798 141;2024-01-26;Santiago;Chile
69;Gloria;Zurita;gloria.zurita.4263@outlook.com;+34 843284517;2024-01-26;Barcelona;España
70;Juana;Daza;juana.daza.8363@outlook.com;+34 879201931;2024-01-27;Madrid;España
71;Raúl;Ros;raul.ros.2221@hotmail.com;+34 878 19 71 43;2024-01-27;Rosario;Argentina
72;Mercedes;Abella;mercedes.abella.6318@hotmail.com;+34849 29 15 73;2024-01-28;Punta del Este;Uruguay
73;Azahar;Vallejo;azahar.vallejo.8366@gmail.com;+34 849 96 60 95;2024-01-29;Sevilla;España
74;Zoraida;Toro;zoraida.toro.6320@hotmail.com;+34973 08 31 44;2024-01-30;Santiago;Chile
75;María;Aragón;maria.aragon.4270@hotmail.com;+34 902 080 147;2024-02-01;Punta del Este;Uruguay
76;Ángela;Ojeda;angela.ojeda.6323@outlook.com;+34 884033194;2024-02-01;Rosario;Argentina
77;Macarena;Salas;macarena.salas.2228@hotmail.com;+34 872371624;2024-02-02;Buenos Aires;Argentina
78;Benigno;Cañizares;benigno.cañizares.4277@gmail.com;+34828475338;2024-02-03;Punta del Este;Uruguay
79;Francisco;Núñez;francisco.nuñez.2232@yahoo.com;+34 800 959 154;2024-02-03;Montevideo;Uruguay
80;Carmelo;Anguita;carmelo.anguita.6331@outlook.com;+34 975 44 10 00;2024-02-03;Punta del Este;Uruguay
81;Josefa;Pellicer;josefa.pellicer.4284@gmail.com;+34 877 682 115;2024-02-04;Sevilla;España
82;Petrona;Amador;petrona.amador.8381@yahoo.com;+34920 153 792;2024-02-04;Punta del Este;Uruguay
83;Julieta;Calvo;julieta.calvo.2237@outlook.com;+34 883910443;2024-02-05;Rosario;Argentina
84;Maribel;Vázquez;maribel.vazquez.8384@yahoo.com;+34745 55 15 20;2024-02-05;Salto;Uruguay
85;Anabel;Duque;anabel.duque.2241@hotmail.com;+34988 24 57 70;2024-02-07;Santiago;Chile
86;Chus;Gibert;chus.gibert.4292@gmail.com;+34 981377685;2024-02-07;Concepción;Chile
87;Teresa;Palmer;teresa.palmer.2251@hotmail.com;+34 741176296;2024-02-09;Sevilla;España
88;Jose Ignacio;Pla;joseignacio.pla.8396@yahoo.com;+34 927 18 49 90;2024-02-09;Madrid;España
89;Isaac;Aguilera;isaac.aguilera.4306@yahoo.com;+34845 96 56 29;2024-02-10;Santiago;Chile
90;Rosalina;Cabeza;rosalina.cabeza.2259@gmail.com;+34853 50 53 84;2024-02-10;Córdoba;Argentina
91;Úrsula;Carmona;ursula.carmona.8404@gmail.com;+34881 98 26 43;2024-02-10;Montevideo;Uruguay
92;Daniela;Cabo;daniela.cabo.6357@gmail.com;+34 888 853 268;2024-02-11;Santiago;Chile
93;Gil;Rodriguez;gil.rodriguez.4311@outlook.com;+34 920 724 473;2024-02-12;Sevilla;España
94;Victor Manuel;Lumbreras;victormanuel.lumbreras.8411@yahoo.com;+34902 239 477;2024-02-13;Concepción;Chile
95;Gema;Cuenca;gema.cuenca.8413@outlook.com;+34925 75 64 47;2024-02-13;Buenos Aires;Argentina
96;Bernarda;Barriga;bernarda.barriga.2270@yahoo.com;+34 920 76 03 51;2024-02-14;Salto;Uruguay
97;Maxi;Checa;maxi.checa.4319@gmail.com;+34823 389 776;2024-02-15;Punta del Este;Uruguay
98;Remedios;Salinas;remedios.salinas.6368@gmail.com;+34 979 615 166;2024-02-15;Madrid;España
99;Rico;Cerdán;rico.cerdan.4318@outlook.com;+34 882 19 22 19;2024-02-16;Sevilla;España
100;Cipriano;Manrique;cipriano.manrique.4323@yahoo.com;+34 945 838 058;2024-02-16;Santiago;Chile
101;Lázaro;Fernández;lazaro.fernandez.3302@outlook.com;+34879128456;2024-02-18;Montevideo;Uruguay
102;Norberto;Mora;norberto.mora.8425@hotmail.com;+34 881 568 787;2024-02-19;Punta del Este;Uruguay
103;Teófila;Llabrés;teofila.llabres.6377@hotmail.com;+34944 75 30 00;2024-02-19;Valparaíso;Chile
104;Marisa;Abella;marisa.abella.2283@yahoo.com;+34 947 883 604;2024-02-19;Rosario;Argentina
105;Arsenio;Pardo;arsenio.pardo.8432@outlook.com;+34 842273515;2024-02-20;Santiago;Chile
106;Victoria;Llopis;victoria.llopis.8434@outlook.com;+34925 86 76 01;2024-02-21;Madrid;España
107;Sebastian;Manzano;sebastian.manzano.8440@gmail.com;+34921619584;2024-02-21;Punta del Este;Uruguay
108;Cloe;Higueras;cloe.higueras.2297@hotmail.com;+34888 295 631;2024-02-22;Punta del Este;Uruguay
109;Adalberto;Amores;adalberto.amores.2301@hotmail.com;+34807 25 73 03;2024-02-22;Buenos Aires;Argentina
110;Ángel;Alvarez;angel.alvarez.2303@hotmail.com;+34987 712 830;2024-02-22;Córdoba;Argentina
111;Pastora;Riquelme;pastora.riquelme.8448@outlook.com;+34 943878078;2024-02-23;Barcelona;España
112;Leopoldo;Pizarro;leopoldo.pizarro.6400@yahoo.com;+34 947490085;2024-02-23;Rosario;Argentina
113;Azeneth;Piñol;azeneth.piñol.6404@outlook.com;+34 806435471;2024-02-23;Punta del Este;Uruguay
114;Gabino;Galvez;gabino.galvez.8452@gmail.com;+34717 71 41 84;2024-02-26;Sevilla;España
115;Carmelita;Zurita;carmelita.zurita.8454@gmail.com;+34661 99 09 57;2024-02-26;Punta del Este;Uruguay
116;René;Carmona;rene.carmona.4358@yahoo.com;+34 880 741 636;2024-02-26;Buenos Aires;Argentina
117;Jose Luis;Cabañas;joseluis.cabañas.4360@yahoo.com;+34 827 53 82 81;2024-02-26;Santiago;Chile
118;Melisa;Torrecilla;melisa.torrecilla.2310@gmail.com;+34981 02 35 04;2024-02-26;Salto;Uruguay
119;Nicolasa;Figuerola;nicolasa.figuerola.6411@hotmail.com;+34926 279 710;2024-02-27;Valparaíso;Chile
120;Benito;Vargas;benito.vargas.2319@hotmail.com;+34 902 63 45 80;2024-02-27;Santiago;Chile
121;Edmundo;Alfonso;edmundo.alfonso.4371@yahoo.com;+34986 36 78 79;2024-02-28;Concepción;Chile
122;Lope;Haro;lope.haro.6420@gmail.com;+34973 346 407;2024-02-29;Montevideo;Uruguay
123;Victor;Vicente;victor.vicente.8468@outlook.com;+34 977 333 204;2024-03-01;Córdoba;Argentina
124;Jose;Segarra;jose.segarra.4374@yahoo.com;+34922 67 92 45;2024-03-02;Madrid;España
125;Paco;Vázquez;paco.vazquez.6423@yahoo.com;+34913 82 63 18;2024-03-04;Madrid;España
126;Jose Luis;Donaire;joseluis.donaire.8473@hotmail.com;+34 925 83 31 93;2024-03-04;Sevilla;España
127;Dulce;Matas;dulce.matas.8474@gmail.com;+34 821193731;2024-03-04;Concepción;Chile
128;Dionisio;Franco;dionisio.franco.6427@gmail.com;+34 886 03 89 17;2024-03-05;Santiago;Chile
129;Renato;León;renato.leon.4381@outlook.com;+34827 607 824;2024-03-06;Salto;Uruguay
130;Emilia;Huguet;emilia.huguet.2333@outlook.com;+34 923 147 141;2024-03-07;Montevideo;Uruguay
131;Gerónimo;Arce;geronimo.arce.8479@gmail.com;+34 902 73 16 03;2024-03-09;Punta del Este;Uruguay
132;Celestina;Mulet;celestina.mulet.4384@outlook.com;+34 844 92 83 98;2024-03-10;Valparaíso;Chile
133;Odalis;Giralt;odalis.giralt.4390@outlook.com;+34855 132 429;2024-03-10;Barcelona;España
134;Concha;Durán;concha.duran.4396@gmail.com;+34979 98 21 09;2024-03-10;Santiago;Chile
135;Eleuterio;Gelabert;eleuterio.gelabert.6447@hotmail.com;+34 828 20 53 57;2024-03-10;Punta del Este;Uruguay
136;Pastora;Roldan;pastora.roldan.8497@yahoo.com;+34 824 991 800;2024-03-11;Barcelona;España
137;Eli;Juárez;eli.juarez.8498@gmail.com;+34 884 981 854;2024-03-11;Barcelona;España
138;Marisela;Mayo;marisela.mayo.8500@yahoo.com;+34873 70 84 52;2024-03-11;Córdoba;Argentina
139;Ofelia;Cortina;ofelia.cortina.8501@gmail.com;+34980711212;2024-03-11;Madrid;España
140;Graciela;Niño;graciela.niño.2356@hotmail.com;+34709 23 64 27;2024-03-14;Santiago;Chile
141;Arturo;Linares;arturo.linares.4411@gmail.com;+34872 322 415;2024-03-14;Concepción;Chile
142;Sebastian;Bastida;sebastian.bastida.8508@gmail.com;+34 820 876 117;2024-03-16;Madrid;España
143;Olga;Manso;olga.manso.8509@hotmail.com;+34 901357656;2024-03-16;Salto;Uruguay
144;Eufemia;Fuentes;eufemia.fuentes.4415@yahoo.com;+34884 906 146;2024-03-17;Córdoba;Argentina
145;Eutropio;Céspedes;eutropio.cespedes.4416@gmail.com;+34 983852224;2024-03-18;Montevideo;Uruguay
146;Hermenegildo;Luís;hermenegildo.luis.2368@gmail.com;+34 847784430;2024-03-19;Punta del Este;Uruguay
147;Paulina;Infante;paulina.infante.2370@yahoo.com;+34 924 110 140;2024-03-19;Barcelona;España
148;Nicodemo;Manuel;nicodemo.manuel.6472@yahoo.com;+34 958336886;2024-03-20;Montevideo;Uruguay
149;Rafael;Sáez;rafael.saez.6474@outlook.com;+34924 843 986;2024-03-20;Buenos Aires;Argentina
150;José Antonio;Soler;joseantonio.soler.4427@gmail.com;+34 670 90 34 07;2024-03-21;Rosario;Argentina
151;Virginia;Barriga;virginia.barriga.4430@outlook.com;+34 847 333 465;2024-03-22;Salto;Uruguay
152;Verónica;Escrivá;veronica.escriva.2384@gmail.com;+34827892645;2024-03-22;Madrid;España
153;Cristian;Figueroa;cristian.figueroa.6482@yahoo.com;+34969 965 852;2024-03-22;Salto;Uruguay
154;Paloma;Mateu;paloma.mateu.2388@outlook.com;+34 924770863;2024-03-23;Sevilla;España
155;Chema;Falcó;chema.falco.6486@hotmail.com;+34983 61 89 41;2024-03-24;Sevilla;España
156;Daniela;Varela;daniela.varela.8542@yahoo.com;+34 822 035 091;2024-03-24;Valparaíso;Chile
157;Carla;Talavera;carla.talavera.8546@hotmail.com;+34846 499 895;2024-03-24;Sevilla;España
158;Maxi;Godoy;maxi.godoy.2403@outlook.com;+34819 447 057;2024-03-24;Montevideo;Uruguay
159;Noelia;Juliá;noelia.julia.6500@hotmail.com;+34873926991;2024-03-25;Valparaíso;Chile
160;Édgar;Iniesta;edgar.iniesta.6499@hotmail.com;+34 710 80 18 37;2024-03-25;Buenos Aires;Argentina
161;América;Ferrera;america.ferrera.6501@yahoo.com;+34 708 754 895;2024-03-26;Sevilla;España
162;Celestina;Araujo;celestina.araujo.2409@outlook.com;+34847 033 937;2024-03-26;Rosario;Argentina
163;Augusto;Amorós;augusto.amoros.4460@yahoo.com;+34875 254 799;2024-03-26;Salto;Uruguay
164;Cristóbal;Cañete;cristobal.cañete.2413@gmail.com;+34 823 45 55 61;2024-03-27;Buenos Aires;Argentina
165;Ciro;Canals;ciro.canals.8559@yahoo.com;+34 888 054 845;2024-03-27;Santiago;Chile
166;Reinaldo;Uriarte;reinaldo.uriarte.4464@yahoo.com;+34823441218;2024-03-27;Valparaíso;Chile
167;Florina;Diaz;florina.diaz.2417@gmail.com;+34 985 965 293;2024-03-28;Madrid;España
168;Cayetana;Méndez;cayetana.mendez.8562@gmail.com;+34875486603;2024-03-28;Córdoba;Argentina
169;Jonatan;Pellicer;jonatan.pellicer.4467@yahoo.com;+34973 407 185;2024-03-29;Rosario;Argentina
170;Luciano;Talavera;luciano.talavera.2424@outlook.com;+34 945 77 25 40;2024-03-29;Salto;Uruguay
171;Nacio;Olivares;nacio.olivares.8578@outlook.com;+34 942580111;2024-03-29;Santiago;Chile
172;Herminio;Cerdán;herminio.cerdan.8584@gmail.com;+34943 78 74 68;2024-03-30;Montevideo;Uruguay
173;Isaura;Botella;isaura.botella.2440@outlook.com;+34976311066;2024-03-30;Buenos Aires;Argentina
174;Cecilia;Fuster;cecilia.fuster.4490@outlook.com;+34 843133742;2024-03-31;Rosario;Argentina
175;Juan Bautista;Cadenas;juanbautista.cadenas.8587@outlook.com;+34 982 27 32 51;2024-03-31;Buenos Aires;Argentina
176;Primitivo;Segovia;primitivo.segovia.2450@yahoo.com;+34844 03 83 90;2024-04-01;Punta del Este;Uruguay
177;Begoña;Barceló;begoña.barcelo.2452@outlook.com;+34 988 64 20 42;2024-04-02;Montevideo;Uruguay
178;Emilia;Girón;emilia.giron.8599@gmail.com;+34 882899038;2024-04-02;Madrid;España
179;Javi;Porta;javi.porta.2455@hotmail.com;+34839062262;2024-04-04;Buenos Aires;Argentina
180;Melania;Esteve;melania.esteve.8602@hotmail.com;+34880 962 643;2024-04-06;Valparaíso;Chile
181;Gracia;Velasco;gracia.velasco.2458@hotmail.com;+34 984 156 447;2024-04-07;Santiago;Chile
182;Hortensia;Teruel;hortensia.teruel.4508@outlook.com;+34979 13 63 75;2024-04-08;Madrid;España
183;Domingo;Gutierrez;domingo.gutierrez.6555@hotmail.com;+34976184890;2024-04-08;Valparaíso;Chile
184;Atilio;Tello;atilio.tello.4511@gmail.com;+34 885 562 511;2024-04-10;Sevilla;España
185;Che;Arco;che.arco.6559@outlook.com;+34 848 732 598;2024-04-12;Concepción;Chile
186;América;Trujillo;america.trujillo.2463@hotmail.com;+34 886 10 78 95;2024-04-12;Madrid;España
187;Paca;Moll;paca.moll.2466@hotmail.com;+34 871 45 53 80;2024-04-13;Barcelona;España
188;Carmela;Bello;carmela.bello.2473@yahoo.com;+34 855 77 60 51;2024-04-13;Salto;Uruguay
189;Cloe;Casal;cloe.casal.2475@hotmail.com;+34 984656539;2024-04-14;Madrid;España
190;Joan;Quintanilla;joan.quintanilla.8625@hotmail.com;+34 881 398 796;2024-04-15;Sevilla;España
191;Guadalupe;Sanabria;guadalupe.sanabria.6579@outlook.com;+34703 78 20 79;2024-04-16;Rosario;Argentina
192;Delfina;Cuadrado;delfina.cuadrado.6584@hotmail.com;+34 736152382;2024-04-16;Madrid;España
193;Gregorio;Barbero;gregorio.barbero.6586@outlook.com;+34827 43 85 05;2024-04-21;Sevilla;España
194;Cipriano;Jimenez;cipriano.jimenez.4538@hotmail.com;+34902711945;2024-04-21;Buenos Aires;Argentina
195;Cleto;Baños;cleto.baños.6587@hotmail.com;+34 847 72 42 90;2024-04-22;Montevideo;Uruguay
196;Lola;Arcos;lola.arcos.4539@yahoo.com;+34 821851435;2024-04-22;Salto;Uruguay
197;Juan;Chacón;juan.chacon.8634@yahoo.com;+34749 506 733;2024-04-22;Valparaíso;Chile
198;Arcelia;Guerra;arcelia.guerra.8638@yahoo.com;+34881525435;2024-04-23;Concepción;Chile
199;Concha;Quiroga;concha.quiroga.4546@gmail.com;+34 722 058 236;2024-04-23;Salto;Uruguay
200;Modesto;Vargas;modesto.vargas.2504@yahoo.com;+34 828 574 925;2024-04-23;Buenos Aires;Argentina
201;Flor;Rozas;flor.rozas.8649@hotmail.com;+34 827320016;2024-04-23;Sevilla;España
202;Anastasio;Cerdá;anastasio.cerda.4554@outlook.com;+34821 55 50 28;2024-04-24;Sevilla;España
203;Román;Cobos;roman.cobos.2508@gmail.com;+34983182818;2024-04-24;Madrid;España
204;Serafina;Cámara;serafina.camara.6605@yahoo.com;+34980 19 80 98;2024-04-26;Concepción;Chile
205;Fidel;Puig;fidel.puig.8653@outlook.com;+34822065403;2024-04-28;Salto;Uruguay
206;Virgilio;Andres;virgilio.andres.8656@yahoo.com;+34 874 40 23 24;2024-04-29;Córdoba;Argentina
207;Merche;Zapata;merche.zapata.8657@hotmail.com;+34886588689;2024-04-30;Santiago;Chile
208;Saturnina;Guzmán;saturnina.guzman.2518@gmail.com;+34924 94 63 73;2024-05-01;Punta del Este;Uruguay
209;Elpidio;Cózar;elpidio.cozar.2525@outlook.com;+34975 63 96 47;2024-05-01;Madrid;España
210;Bibiana;Ribas;bibiana.ribas.6622@outlook.com;+34 983818361;2024-05-02;Punta del Este;Uruguay
211;Juanita;Baños;juanita.baños.2529@yahoo.com;+34982263829;2024-05-03;Punta del Este;Uruguay
212;Paco;Cabrero;paco.cabrero.2530@outlook.com;+34 972 256 442;2024-05-04;Madrid;España
213;Fabiola;Jara;fabiola.jara.8674@outlook.com;+34 930422561;2024-05-04;Córdoba;Argentina
214;Rufina;Martorell;rufina.martorell.6631@yahoo.com;+34 886 172 521;2024-05-05;Punta del Este;Uruguay
215;Paulino;Lasa;paulino.lasa.4586@outlook.com;+34837 24 64 37;2024-05-05;Santiago;Chile
216;Milagros;Martín;milagros.martin.2539@hotmail.com;+34945 93 40 67;2024-05-05;Salto;Uruguay
217;Clara;Sanz;clara.sanz.4589@hotmail.com;+34824651418;2024-05-08;Sevilla;España
218;Vasco;Mayo;vasco.mayo.8686@gmail.com;+34 822 32 78 99;2024-05-11;Concepción;Chile
219;Fabricio;Gracia;fabricio.gracia.8687@hotmail.com;+34 875602159;2024-05-12;Barcelona;España
220;Maristela;Mir;maristela.mir.4601@yahoo.com;+34 821971257;2024-05-13;Rosario;Argentina
221;Saturnina;Moles;saturnina.moles.6650@yahoo.com;+34 926 777 823;2024-05-15;Montevideo;Uruguay
222;Jonatan;Galvez;jonatan.galvez.2557@yahoo.com;+34 949 632 459;2024-05-15;Córdoba;Argentina
223;Lázaro;Merino;lazaro.merino.2559@gmail.com;+34 871 136 597;2024-05-16;Salto;Uruguay
224;Eliseo;Mascaró;eliseo.mascaro.6655@yahoo.com;+34841903265;2024-05-17;Rosario;Argentina
225;Ambrosio;Andreu;ambrosio.andreu.2569@gmail.com;+34 857 300 104;2024-05-17;Concepción;Chile
226;Tiburcio;Hidalgo;tiburcio.hidalgo.6666@outlook.com;+34980202549;2024-05-18;Madrid;España
227;Loida;Asensio;loida.asensio.4619@gmail.com;+34 924698204;2024-05-18;Valparaíso;Chile
228;Daniela;Ripoll;daniela.ripoll.6669@outlook.com;+34 931851848;2024-05-18;Barcelona;España
229;Adán;Pintor;adan.pintor.8718@outlook.com;+34 646 69 52 66;2024-05-19;Sevilla;España
230;Felipa;Torrijos;felipa.torrijos.6672@outlook.com;+34 720 63 64 94;2024-05-19;Madrid;España
231;Hermenegildo;Benavente;hermenegildo.benavente.4627@hotmail.com;+34826 736 497;2024-05-20;Rosario;Argentina
232;Celestina;Arteaga;celestina.arteaga.8725@outlook.com;+34885640290;2024-05-20;Rosario;Argentina
233;Fernanda;Salmerón;fernanda.salmeron.2586@gmail.com;+34 874 840 684;2024-05-22;Córdoba;Argentina
234;Montserrat;Planas;montserrat.planas.8731@outlook.com;+34 923644182;2024-05-22;Buenos Aires;Argentina
235;Custodio;Carreras;custodio.carreras.2587@hotmail.com;+34 986821164;2024-05-24;Buenos Aires;Argentina
236;Carmina;Lozano;carmina.lozano.6686@outlook.com;+34 924 612 922;2024-05-24;Sevilla;España
237;Ricarda;Simó;ricarda.simo.4640@gmail.com;+34985040117;2024-05-25;Barcelona;España
238;Antonio;Seco;antonio.seco.2595@outlook.com;+34713 04 28 27;2024-05-26;Sevilla;España
239;Marina;Bello;marina.bello.2596@hotmail.com;+34 838 51 82 54;2024-05-26;Salto;Uruguay
240;Maricruz;Cabanillas;maricruz.cabanillas.6692@yahoo.com;+34921092745;2024-05-28;Rosario;Argentina
241;Mayte;Priego;mayte.priego.6694@outlook.com;+34 888667775;2024-05-29;Concepción;Chile
242;Dora;Villa;dora.villa.2599@hotmail.com;+34884308250;2024-05-30;Sevilla;España
243;Estefanía;Requena;estefania.requena.4647@hotmail.com;+34924 564 713;2024-05-30;Punta del Este;Uruguay
244;Dulce;Solsona;dulce.solsona.4649@outlook.com;+34820 511 283;2024-05-30;Montevideo;Uruguay
245;Rafael;Quero;rafael.quero.8751@hotmail.com;+34 841 013 992;2024-05-31;Barcelona;España
246;Gerónimo;Gallego;geronimo.gallego.6707@hotmail.com;+34 821066948;2024-06-01;Concepción;Chile
247;Humberto;Feijoo;humberto.feijoo.2612@hotmail.com;+34845 93 50 14;2024-06-01;Sevilla;España
248;Dafne;Hervás;dafne.hervas.6710@gmail.com;+34 920 69 62 95;2024-06-01;Sevilla;España
249;Maximiano;Fabra;maximiano.fabra.2615@yahoo.com;+34 843274384;2024-06-02;Punta del Este;Uruguay
250;Rafaela;Arnal;rafaela.arnal.8761@yahoo.com;+34843 760 354;2024-06-03;Salto;Uruguay
251;Esteban;Peralta;esteban.peralta.2619@yahoo.com;+34 987 57 56 89;2024-06-03;Buenos Aires;Argentina
252;Vasco;Castilla;vasco.castilla.4668@hotmail.com;+34 819255650;2024-06-04;Salto;Uruguay
253;Claudio;Botella;claudio.botella.2620@hotmail.com;+34 883 07 12 13;2024-06-05;Concepción;Chile
254;Bernabé;Parejo;bernabe.parejo.8767@hotmail.com;+34983 64 74 74;2024-06-10;Córdoba;Argentina
255;Delfina;Román;delfina.roman.4674@yahoo.com;+34821 76 80 57;2024-06-11;Madrid;España
256;Inocencio;Carro;inocencio.carro.6723@hotmail.com;+34865 087 897;2024-06-11;Sevilla;España
257;Eulalia;Torre;eulalia.torre.8772@yahoo.com;+34 985 347 753;2024-06-11;Montevideo;Uruguay
258;Fátima;Ribas;fatima.ribas.4677@gmail.com;+34987 27 50 93;2024-06-12;Punta del Este;Uruguay
259;Mónica;Bonilla;monica.bonilla.2627@yahoo.com;+34 872 37 31 04;2024-06-12;Barcelona;España
260;Aroa;Cadenas;aroa.cadenas.8778@outlook.com;+34 880 74 75 16;2024-06-14;Barcelona;España
261;Marianela;Pujadas;marianela.pujadas.2635@yahoo.com;+34876519537;2024-06-15;Santiago;Chile
262;Amada;Gras;amada.gras.6735@yahoo.com;+34 975 092 837;2024-06-18;Valparaíso;Chile
263;Jenny;Luna;jenny.luna.2646@gmail.com;+34 820 283 846;2024-06-18;Córdoba;Argentina
264;Ester;Sureda;ester.sureda.4695@yahoo.com;+34826 29 30 97;2024-06-20;Valparaíso;Chile
265;Mariano;Vendrell;mariano.vendrell.8790@hotmail.com;+34987 07 92 12;2024-06-22;Barcelona;España
266;Isaura;Asensio;isaura.asensio.4696@yahoo.com;+34 843237795;2024-06-23;Barcelona;España
267;Feliciano;Carnero;feliciano.carnero.4700@outlook.com;+34942369284;2024-06-24;Barcelona;España
268;Susana;Roselló;susana.rosello.6749@outlook.com;+34 988229210;2024-06-25;Santiago;Chile
269;Dalila;Nieto;dalila.nieto.2652@gmail.com;+34719 12 09 25;2024-06-25;Montevideo;Uruguay
270;Amor;Cañellas;amor.cañellas.6750@yahoo.com;+34923 893 088;2024-06-26;Buenos Aires;Argentina
271;Selena;Moya;selena.moya.6754@yahoo.com;+34825044771;2024-06-26;Santiago;Chile
272;Santiago;Rios;santiago.rios.6755@gmail.com;+34 873489030;2024-06-26;Córdoba;Argentina
273;Maite;Peñas;maite.peñas.6758@outlook.com;+34864620059;2024-06-27;Valparaíso;Chile
274;Custodio;Pardo;custodio.pardo.6759@gmail.com;+34 981 024 092;2024-06-28;Valparaíso;Chile
275;Gabriela;Duarte;gabriela.duarte.8809@yahoo.com;+34826 288 927;2024-06-29;Rosario;Argentina
276;Camila;Amor;camila.amor.4714@hotmail.com;+34928 72 05 34;2024-06-29;Rosario;Argentina
277;Pía;Jordán;pia.jordan.6764@hotmail.com;+34858 48 09 64;2024-06-30;Santiago;Chile
278;María Belén;Blanes;mariabelen.blanes.6765@gmail.com;+34972 117 023;2024-06-30;Buenos Aires;Argentina
279;Ramona;Oliver;ramona.oliver.2671@outlook.com;+34846 22 19 26;2024-07-01;Punta del Este;Uruguay
280;Petrona;Aragonés;petrona.aragones.4721@hotmail.com;+34806896355;2024-07-01;Santiago;Chile
281;Susanita;Aranda;susanita.aranda.8818@outlook.com;+34985230032;2024-07-02;Buenos Aires;Argentina
282;Juliana;Zurita;juliana.zurita.8820@outlook.com;+34 945954004;2024-07-04;Sevilla;España
283;Miguela;Pavón;miguela.pavon.6775@gmail.com;+34823 11 32 11;2024-07-04;Rosario;Argentina
284;Milagros;Fabregat;milagros.fabregat.4729@hotmail.com;+34 946202390;2024-07-05;Valparaíso;Chile
285;Macario;Campo;macario.campo.6780@gmail.com;+34 844198569;2024-07-06;Rosario;Argentina
286;Adriana;Osuna;adriana.osuna.4732@yahoo.com;+34841 12 21 97;2024-07-06;Montevideo;Uruguay
287;Roberto;Bayona;roberto.bayona.4739@yahoo.com;+34884 36 60 85;2024-07-06;Buenos Aires;Argentina
288;Lino;Viña;lino.viña.4745@yahoo.com;+34 948 751 819;2024-07-07;Buenos Aires;Argentina
289;Visitación;Marquez;visitacion.marquez.2702@outlook.com;+34 948 402 590;2024-07-07;Punta del Este;Uruguay
290;Chema;Ibáñez;chema.ibañez.8853@yahoo.com;+34 927272509;2024-07-07;Valparaíso;Chile
291;Noemí;Pomares;noemi.pomares.8854@hotmail.com;+34848377781;2024-07-08;Barcelona;España
292;Elba;Teruel;elba.teruel.6805@yahoo.com;+34846 567 462;2024-07-09;Concepción;Chile
293;Renato;Rozas;renato.rozas.8857@gmail.com;+34 847 000 788;2024-07-09;Valparaíso;Chile
294;Fortunato;Espejo;fortunato.espejo.2715@outlook.com;+34 985 072 591;2024-07-10;Montevideo;Uruguay
295;Tere;Girón;tere.giron.6812@hotmail.com;+34881 649 484;2024-07-10;Valparaíso;Chile
296;Jacinto;Aranda;jacinto.aranda.8861@yahoo.com;+34 947 065 975;2024-07-11;Sevilla;España
297;Salomón;Terrón;salomon.terron.2718@yahoo.com;+34845566670;2024-07-11;Concepción;Chile
298;Ema;Adán;ema.adan.4766@outlook.com;+34847 64 88 69;2024-07-12;Sevilla;España
299;Octavio;Garay;octavio.garay.8864@outlook.com;+34 858 708 874;2024-07-13;Sevilla;España
300;Emiliano;Losada;emiliano.losada.4769@hotmail.com;+34 923 85 62 24;2024-07-13;Rosario;Argentina
301;Adrián;Jerez;adrian.jerez.6818@yahoo.com;+34954677928;2024-07-14;Sevilla;España
302;Alba;Cánovas;alba.canovas.2716@hotmail.com;+34 743 585 285;2024-07-15;Sevilla;España
303;Adalberto;Rocha;adalberto.rocha.6832@outlook.com;+34 724557287;2024-07-16;Buenos Aires;Argentina
304;Norberto;Pedraza;norberto.pedraza.6836@outlook.com;+34984 32 22 45;2024-07-17;Rosario;Argentina
305;Vera;Puig;vera.puig.2741@outlook.com;+34847935417;2024-07-18;Rosario;Argentina
306;Cleto;Tejero;cleto.tejero.4790@outlook.com;+34 822 45 58 27;2024-07-18;Montevideo;Uruguay
307;Vera;Cózar;vera.cozar.6840@gmail.com;+34 944388658;2024-07-18;Sevilla;España
308;Socorro;Morillo;socorro.morillo.8888@yahoo.com;+34 884 92 02 83;2024-07-19;Santiago;Chile
309;Eloy;Solera;eloy.solera.4792@hotmail.com;+34943071597;2024-07-20;Barcelona;España
310;Maxi;Vigil;maxi.vigil.6843@outlook.com;+34731689750;2024-07-21;Valparaíso;Chile
311;Eliseo;Huertas;eliseo.huertas.4799@outlook.com;+34847146334;2024-07-22;Concepción;Chile
312;Maristela;Ruano;maristela.ruano.8904@hotmail.com;+34 945 686 458;2024-07-24;Punta del Este;Uruguay
313;Reinaldo;Canals;reinaldo.canals.6860@gmail.com;+34927638107;2024-07-24;Rosario;Argentina
314;Lalo;Mínguez;lalo.minguez.8909@yahoo.com;+34 853 24 82 11;2024-07-24;Santiago;Chile
315;Fabiana;Camacho;fabiana.camacho.6862@gmail.com;+34921028794;2024-07-24;Montevideo;Uruguay
316;Mariana;Puig;mariana.puig.8911@gmail.com;+34922 646 614;2024-07-25;Salto;Uruguay
317;Elena;Carbajo;elena.carbajo.4816@hotmail.com;+34886 960 912;2024-07-26;Sevilla;España
318;Violeta;Cortés;violeta.cortes.6863@hotmail.com;+34 987441946;2024-07-26;Salto;Uruguay
319;Nicolasa;Font;nicolasa.font.8917@yahoo.com;+34841 49 29 07;2024-07-27;Barcelona;España
320;Lina;Sabater;lina.sabater.2775@gmail.com;+34714171757;2024-07-27;Rosario;Argentina
321;Lorenzo;Amat;lorenzo.amat.6872@hotmail.com;+34977100350;2024-07-29;Montevideo;Uruguay
322;Clementina;Amigó;clementina.amigo.2779@outlook.com;+34 987 703 571;2024-07-30;Madrid;España
323;Blanca;Borrás;blanca.borras.8927@outlook.com;+34728 982 487;2024-07-30;Barcelona;España
324;Reyna;Calvo;reyna.calvo.4833@gmail.com;+34927 994 790;2024-07-30;Valparaíso;Chile
325;Brígida;Gutiérrez;brigida.gutierrez.4842@hotmail.com;+34 926 05 34 47;2024-07-31;Concepción;Chile
326;Gastón;Agustí;gaston.agusti.8941@yahoo.com;+34 846 070 989;2024-08-01;Montevideo;Uruguay
327;Ligia;Martinez;ligia.martinez.6894@outlook.com;+34 946 239 678;2024-08-02;Punta del Este;Uruguay
328;Cirino;Pablo;cirino.pablo.6895@outlook.com;+34942376779;2024-08-02;Madrid;España
329;Rodrigo;Garrido;rodrigo.garrido.8944@outlook.com;+34984 250 561;2024-08-03;Buenos Aires;Argentina
330;Fulgencio;Cerro;fulgencio.cerro.6896@yahoo.com;+34 901608429;2024-08-03;Punta del Este;Uruguay
331;Isidoro;Barba;isidoro.barba.2803@gmail.com;+34 842 942 394;2024-08-03;Santiago;Chile
332;Aureliano;Oliver;aureliano.oliver.6906@hotmail.com;+34 825007832;2024-08-05;Buenos Aires;Argentina
333;Juan;Martínez;juan.martinez.2811@yahoo.com;+34981137212;2024-08-05;Córdoba;Argentina
334;Jessica;Puerta;jessica.puerta.4860@yahoo.com;+34881 985 601;2024-08-07;Salto;Uruguay
335;Emilio;Puga;emilio.puga.6911@gmail.com;+34 873880568;2024-08-07;Rosario;Argentina
336;Amor;Calleja;amor.calleja.8962@hotmail.com;+34945352977;2024-08-07;Concepción;Chile
337;Maite;Arellano;maite.arellano.2819@yahoo.com;+34 847722057;2024-08-09;Valparaíso;Chile
338;Ibán;Acevedo;iban.acevedo.8963@outlook.com;+34885 95 92 73;2024-08-10;Concepción;Chile
339;Isaías;Romeu;isaias.romeu.2821@hotmail.com;+34800384004;2024-08-10;Barcelona;España
340;Román;Moliner;roman.moliner.4872@outlook.com;+34 712965948;2024-08-10;Montevideo;Uruguay
341;Cristian;Pineda;cristian.pineda.8970@gmail.com;+34845 463 366;2024-08-10;Madrid;España
342;Guadalupe;Perea;guadalupe.perea.4875@gmail.com;+34874996557;2024-08-14;Santiago;Chile
343;Isidora;Robles;isidora.robles.2828@gmail.com;+34 949 41 99 19;2024-08-14;Santiago;Chile
344;Florencio;Pellicer;florencio.pellicer.4878@gmail.com;+34 948 86 13 35;2024-08-15;Madrid;España
345;Venceslás;Carrillo;venceslas.carrillo.4881@hotmail.com;+34978 650 707;2024-08-16;Buenos Aires;Argentina
346;Mercedes;Jaén;mercedes.jaen.6931@hotmail.com;+34 941 36 66 75;2024-08-17;Barcelona;España
347;Mirta;Pallarès;mirta.pallarès.6934@outlook.com;+34 947 07 98 74;2024-08-17;Salto;Uruguay
348;Ángel;Nieto;angel.nieto.8984@hotmail.com;+34 977 111 671;2024-08-18;Santiago;Chile
349;Teobaldo;Tejedor;teobaldo.tejedor.2855@gmail.com;+34 873 59 66 34;2024-08-18;Buenos Aires;Argentina
350;Celso;Montes;celso.montes.4903@yahoo.com;+34704597013;2024-08-19;Montevideo;Uruguay
351;Eutimio;Méndez;eutimio.mendez.2857@yahoo.com;+34923 551 101;2024-08-20;Sevilla;España
352;Teobaldo;Valero;teobaldo.valero.4908@hotmail.com;+34942032686;2024-08-20;Buenos Aires;Argentina
353;Modesto;Mata;modesto.mata.6956@outlook.com;+34875243558;2024-08-20;Santiago;Chile
354;Emilia;Rius;emilia.rius.6959@yahoo.com;+34 731 80 17 29;2024-08-21;Valparaíso;Chile
355;Leocadio;Egea;leocadio.egea.9008@yahoo.com;+34 974 213 289;2024-08-23;Madrid;España
356;Hugo;Torres;hugo.torres.9013@outlook.com;+34826 29 30 17;2024-08-24;Madrid;España
357;Viviana;Cuesta;viviana.cuesta.9016@hotmail.com;+34821 532 579;2024-08-24;Punta del Este;Uruguay
358;Natalio;Pascual;natalio.pascual.4921@gmail.com;+34 974 19 02 29;2024-08-25;Punta del Este;Uruguay
359;José;Albero;jose.albero.2872@hotmail.com;+34873497240;2024-08-26;Córdoba;Argentina
360;Fernando;Calderón;fernando.calderon.4924@hotmail.com;+34943908672;2024-08-26;Concepción;Chile
361;Cristian;Santamaría;cristian.santamaria.9934@outlook.com;+34 988521944;2024-08-26;Rosario;Argentina
362;Salvador;Clavero;salvador.clavero.9027@hotmail.com;+34 806121244;2024-08-27;Concepción;Chile
363;Benjamín;Romero;benjamin.romero.6981@gmail.com;+34 821 107 703;2024-08-27;Santiago;Chile
364;Ester;Landa;ester.landa.9029@hotmail.com;+34 875329157;2024-08-29;Buenos Aires;Argentina
365;Gabino;Guitart;gabino.guitart.2889@gmail.com;+34941 794 258;2024-08-29;Barcelona;España
366;Cloe;Cobo;cloe.cobo.9039@outlook.com;+34 942 754 207;2024-08-30;Valparaíso;Chile
367;Severo;Herranz;severo.herranz.4944@outlook.com;+34 976 607 733;2024-08-30;Buenos Aires;Argentina
368;Jorge;Bru;jorge.bru.2897@outlook.com;+34983785564;2024-08-31;Montevideo;Uruguay
369;Gervasio;Arana;gervasio.arana.9042@gmail.com;+34979722687;2024-08-31;Barcelona;España
370;Loreto;Soriano;loreto.soriano.2899@gmail.com;+34971 822 693;2024-09-01;Madrid;España
371;Edelmiro;Escrivá;edelmiro.escriva.6996@yahoo.com;+34972 30 85 59;2024-09-02;Valparaíso;Chile
372;Julio;Ribes;julio.ribes.2901@outlook.com;+34843238714;2024-09-02;Concepción;Chile
373;Ana Sofía;Gutierrez;anasofia.gutierrez.4950@hotmail.com;+34 886111961;2024-09-03;Montevideo;Uruguay
374;Ernesto;Galiano;ernesto.galiano.7000@yahoo.com;+34978 421 027;2024-09-04;Sevilla;España
375;Noelia;Cordero;noelia.cordero.7001@yahoo.com;+34948 67 32 67;2024-09-04;Salto;Uruguay
376;Fortunata;Gomis;fortunata.gomis.7002@yahoo.com;+34 927156859;2024-09-05;Sevilla;España
377;Jose Miguel;Caparrós;josemiguel.caparros.7007@gmail.com;+34847540725;2024-09-06;Concepción;Chile
378;Clarisa;Vall;clarisa.vall.9061@yahoo.com;+34 747 97 19 01;2024-09-06;Santiago;Chile
379;Hermenegildo;Montoya;hermenegildo.montoya.4965@yahoo.com;+34 977 451 080;2024-09-08;Punta del Este;Uruguay
380;Wálter;Gárate;walter.garate.9064@yahoo.com;+34982 57 28 70;2024-09-12;Salto;Uruguay
381;Asdrubal;Donaire;asdrubal.donaire.7020@hotmail.com;+34 971 522 669;2024-09-12;Valparaíso;Chile
382;Isidro;Garzón;isidro.garzon.4973@gmail.com;+34 828119652;2024-09-12;Concepción;Chile
383;Pelayo;Iglesia;pelayo.iglesia.2927@hotmail.com;+34 826 470 649;2024-09-13;Montevideo;Uruguay
384;Brígida;Galiano;brigida.galiano.7030@yahoo.com;+34 856 09 50 56;2024-09-14;Rosario;Argentina
385;Judith;Palau;judith.palau.9081@gmail.com;+34 921 793 047;2024-09-14;Punta del Este;Uruguay
386;Trini;Parejo;trini.parejo.7045@yahoo.com;+34 979444022;2024-09-15;Valparaíso;Chile
387;Liliana;Portero;liliana.portero.4997@hotmail.com;+34925400579;2024-09-18;Punta del Este;Uruguay
388;Petrona;Bermejo;petrona.bermejo.5002@yahoo.com;+34 942226832;2024-09-18;Punta del Este;Uruguay
389;María Pilar;Escribano;mariapilar.escribano.9099@gmail.com;+34926 577 683;2024-09-20;Córdoba;Argentina
390;Rómulo;Vaquero;romulo.vaquero.2958@outlook.com;+34 849103158;2024-09-21;Valparaíso;Chile
391;Kike;Escolano;kike.escolano.9103@hotmail.com;+34979 541 343;2024-09-21;Santiago;Chile
392;Ángel;Teruel;angel.teruel.2960@hotmail.com;+34872 844 927;2024-09-22;Buenos Aires;Argentina
393;Teófilo;Gómez;teofilo.gomez.2963@outlook.com;+34731 504 848;2024-09-24;Barcelona;España
394;Leopoldo;Aliaga;leopoldo.aliaga.2966@yahoo.com;+34841 49 90 42;2024-09-25;Punta del Este;Uruguay
395;Rico;Carrasco;rico.carrasco.5018@hotmail.com;+34944148960;2024-09-26;Madrid;España
396;Cipriano;Ferreras;cipriano.ferreras.5023@outlook.com;+34944 35 31 33;2024-09-28;Barcelona;España
397;Víctor;Planas;victor.planas.7072@gmail.com;+34925907582;2024-09-29;Concepción;Chile
398;Felipa;Mate;felipa.mate.2981@yahoo.com;+34948 68 33 73;2024-09-29;Concepción;Chile
399;Loreto;Mercader;loreto.mercader.9127@gmail.com;+34987 762 275;2024-09-29;Santiago;Chile
400;Clarisa;Leiva;clarisa.leiva.9132@gmail.com;+34984 800 898;2024-10-01;Madrid;España
401;Laura;Gárate;laura.garate.2990@yahoo.com;+34978 56 40 53;2024-10-01;Valparaíso;Chile
402;Modesta;Pou;modesta.pou.5040@hotmail.com;+34985 111 910;2024-10-02;Valparaíso;Chile
403;Patricio;Aragonés;patricio.aragones.7090@gmail.com;+34823 162 258;2024-10-03;Buenos Aires;Argentina
404;Alfonso;Calvo;alfonso.calvo.7091@outlook.com;+34 942 18 44 32;2024-10-03;Rosario;Argentina
405;Eva María;Vaquero;evamaria.vaquero.7094@hotmail.com;+34900219090;2024-10-04;Montevideo;Uruguay
406;Agustín;Soria;agustin.soria.5053@outlook.com;+34 925105121;2024-10-04;Santiago;Chile
407;Javiera;Amorós;javiera.amoros.9150@hotmail.com;+34943 20 06 75;2024-10-04;Córdoba;Argentina
408;Valentín;Expósito;valentin.exposito.3006@hotmail.com;+34 977 53 30 31;2024-10-07;Madrid;España
409;Mariano;Porras;mariano.porras.5056@gmail.com;+34 927341629;2024-10-07;Córdoba;Argentina
410;Dan;Torrecilla;dan.torrecilla.9153@outlook.com;+34876 46 17 12;2024-10-08;Montevideo;Uruguay
411;Guiomar;Velázquez;guiomar.velazquez.9154@yahoo.com;+34 845 821 724;2024-10-08;Montevideo;Uruguay
412;Clotilde;Bayo;clotilde.bayo.5059@hotmail.com;+34971 50 94 04;2024-10-10;Buenos Aires;Argentina
413;Fabiola;Pinedo;fabiola.pinedo.5061@hotmail.com;+34 844768107;2024-10-11;Sevilla;España
414;Celia;Amorós;celia.amoros.7111@gmail.com;+34 948 670 238;2024-10-12;Barcelona;España
415;Haydée;Oliveras;haydee.oliveras.9161@yahoo.com;+34 980730956;2024-10-13;Barcelona;España
416;Ciro;Marqués;ciro.marques.3019@outlook.com;+34 921703323;2024-10-13;Córdoba;Argentina
417;Lourdes;Navarrete;lourdes.navarrete.5068@yahoo.com;+34841 005 446;2024-10-13;Valparaíso;Chile
418;Domingo;Peinado;domingo.peinado.9167@gmail.com;+34942 937 400;2024-10-13;Madrid;España
419;Bernardino;Sosa;bernardino.sosa.3023@outlook.com;+34730 28 61 16;2024-10-13;Córdoba;Argentina
420;Adora;Carrasco;adora.carrasco.9169@outlook.com;+34 975 347 897;2024-10-13;Santiago;Chile
421;Sonia;Hidalgo;sonia.hidalgo.9171@gmail.com;+34 949 59 67 00;2024-10-13;Santiago;Chile
422;Ale;Maldonado;ale.maldonado.3028@gmail.com;+34937777795;2024-10-14;Santiago;Chile
423;Calista;Figuerola;calista.figuerola.3034@outlook.com;+34 800766629;2024-10-14;Santiago;Chile
424;Maura;Amo;maura.amo.7132@gmail.com;+34923 792 157;2024-10-15;Buenos Aires;Argentina
425;Alberto;Sebastián;alberto.sebastian.5084@yahoo.com;+34974 78 90 80;2024-10-17;Sevilla;España
426;Celso;Baena;celso.baena.7134@outlook.com;+34887013816;2024-10-17;Santiago;Chile
427;Anastasio;Nadal;anastasio.nadal.9182@yahoo.com;+34 884062903;2024-10-18;Rosario;Argentina
428;Gregorio;Gracia;gregorio.gracia.9184@gmail.com;+34 807 91 42 26;2024-10-20;Santiago;Chile
429;Leocadia;Amigó;leocadia.amigo.3049@yahoo.com;+34987 832 747;2024-10-20;Madrid;España
430;Guadalupe;Cepeda;guadalupe.cepeda.9193@yahoo.com;+34926 252 138;2024-10-20;Madrid;España
431;Aránzazu;Benavides;aranzazu.benavides.1005@gmail.com;+34702 60 94 17;2024-10-21;Punta del Este;Uruguay
432;Dan;Huertas;dan.huertas.9201@outlook.com;+34 986 759 985;2024-10-21;Montevideo;Uruguay
433;Ruperta;Suarez;ruperta.suarez.5106@hotmail.com;+34843 47 44 67;2024-10-21;Sevilla;España
434;Elías;Hervia;elias.hervia.5108@outlook.com;+34 974 403 851;2024-10-21;Montevideo;Uruguay
435;Felisa;Azcona;felisa.azcona.1014@yahoo.com;+34943052773;2024-10-22;Rosario;Argentina
436;Cipriano;Pallarès;cipriano.pallarès.9207@hotmail.com;+34924 03 79 55;2024-10-23;Buenos Aires;Argentina
437;Morena;Cuadrado;morena.cuadrado.1016@gmail.com;+34 841 760 489;2024-10-23;Punta del Este;Uruguay
438;Guadalupe;Arellano;guadalupe.arellano.7160@yahoo.com;+34879617683;2024-10-23;Rosario;Argentina
439;Segismundo;Elorza;segismundo.elorza.7162@yahoo.com;+34973173333;2024-10-24;Salto;Uruguay
440;Aitor;Lastra;aitor.lastra.9211@outlook.com;+34 983117220;2024-10-25;Salto;Uruguay
441;Amada;Sevillano;amada.sevillano.7164@gmail.com;+34982 804 858;2024-10-25;Montevideo;Uruguay
442;Sebastian;Canet;sebastian.canet.7165@yahoo.com;+34976 434 010;2024-10-25;Córdoba;Argentina
443;Fátima;Ropero;fatima.ropero.1022@yahoo.com;+34 922 959 770;2024-10-25;Santiago;Chile
444;Joaquín;Marin;joaquin.marin.9215@outlook.com;+34 847 93 22 71;2024-10-26;Sevilla;España
445;Anacleto;Rodríguez;anacleto.rodriguez.1024@yahoo.com;+34886 310 092;2024-10-26;Rosario;Argentina
446;Marcio;Hernández;marcio.hernandez.5117@yahoo.com;+34 900166272;2024-10-26;Montevideo;Uruguay
447;Brígida;Nogueira;brigida.nogueira.1032@outlook.com;+34 979 45 09 95;2024-10-26;Valparaíso;Chile
448;Chus;Correa;chus.correa.9230@hotmail.com;+34806 55 30 77;2024-10-26;Salto;Uruguay
449;Azahara;Rodríguez;azahara.rodriguez.7183@hotmail.com;+34 923 432 966;2024-10-27;Buenos Aires;Argentina
450;Jordana;Roca;jordana.roca.1042@gmail.com;+34 984 73 89 68;2024-10-28;Barcelona;España
451;Severo;Toledo;severo.toledo.7191@outlook.com;+34800427577;2024-10-30;Buenos Aires;Argentina
452;Calista;Ibarra;calista.ibarra.9239@yahoo.com;+34873 63 72 57;2024-10-31;Santiago;Chile
453;Rosenda;Tamarit;rosenda.tamarit.7193@outlook.com;+34942 371 401;2024-11-02;Montevideo;Uruguay
454;Fabiola;Piña;fabiola.piña.5145@hotmail.com;+34 979 707 264;2024-11-05;Concepción;Chile
455;Agustín;Manjón;agustin.manjon.5147@gmail.com;+34720 96 23 09;2024-11-05;Córdoba;Argentina
456;Gabino;Carbonell;gabino.carbonell.7197@gmail.com;+34 942 75 06 59;2024-11-07;Valparaíso;Chile
457;Cloe;Merino;cloe.merino.5150@outlook.com;+34 617031125;2024-11-07;Valparaíso;Chile
458;Nacho;Rivera;nacho.rivera.7200@hotmail.com;+34986 078 156;2024-11-08;Madrid;España
459;Conrado;Marqués;conrado.marques.5153@gmail.com;+34 880802653;2024-11-08;Córdoba;Argentina
460;Emperatriz;Pombo;emperatriz.pombo.7202@gmail.com;+34 988 18 47 51;2024-11-09;Concepción;Chile
461;Juan;Gallart;juan.gallart.3104@hotmail.com;+34814163975;2024-11-09;Madrid;España
462;Teodoro;Peralta;teodoro.peralta.5156@outlook.com;+34 924 92 19 04;2024-11-09;Concepción;Chile
463;Demetrio;Benavides;demetrio.benavides.7205@yahoo.com;+34 963381883;2024-11-10;Sevilla;España
464;Hilda;Bustos;hilda.bustos.1063@yahoo.com;+34882 545 337;2024-11-10;Santiago;Chile
465;Hermenegildo;Asenjo;hermenegildo.asenjo.9256@hotmail.com;+34 942 413 219;2024-11-11;Barcelona;España
466;Primitiva;Téllez;primitiva.tellez.7208@gmail.com;+34 806822350;2024-11-12;Córdoba;Argentina
467;Horacio;Cantón;horacio.canton.1068@yahoo.com;+34971 61 48 78;2024-11-12;Salto;Uruguay
468;Patricio;Amigó;patricio.amigo.1073@outlook.com;+34902 43 81 95;2024-11-12;Valparaíso;Chile
469;Norberto;Morera;norberto.morera.7220@gmail.com;+34 821 06 79 75;2024-11-12;Salto;Uruguay
470;Tiburcio;Alemany;tiburcio.alemany.3125@outlook.com;+34 844 75 66 07;2024-11-13;Barcelona;España
471;Delfina;Bonilla;delfina.bonilla.9275@outlook.com;+34 847885045;2024-11-14;Santiago;Chile
472;Bárbara;Castro;barbara.castro.7227@outlook.com;+34 971 023 452;2024-11-15;Sevilla;España
473;Lupe;Casanovas;lupe.casanovas.7229@hotmail.com;+34820 534 447;2024-11-15;Sevilla;España
474;Rosa;Plaza;rosa.plaza.3132@hotmail.com;+34 982367668;2024-11-15;Rosario;Argentina
475;Conrado;Dalmau;conrado.dalmau.5183@hotmail.com;+34 930656083;2024-11-17;Madrid;España
476;Adalberto;Echevarría;adalberto.echevarria.1084@yahoo.com;+34 900 802 248;2024-11-17;Madrid;España
477;Ignacio;Cabeza;ignacio.cabeza.7235@outlook.com;+34709179048;2024-11-18;Córdoba;Argentina
478;Chucho;Blanes;chucho.blanes.5188@yahoo.com;+34841 682 339;2024-11-18;Sevilla;España
479;Custodio;Pacheco;custodio.pacheco.1091@yahoo.com;+34824 434 532;2024-11-19;Córdoba;Argentina
480;Aura;Azcona;aura.azcona.7238@outlook.com;+34 943376286;2024-11-21;Valparaíso;Chile
481;Nayara;Ródenas;nayara.rodenas.3143@gmail.com;+34 984 972 882;2024-11-22;Buenos Aires;Argentina
482;Trini;Marqués;trini.marques.1094@hotmail.com;+34902 76 00 23;2024-11-22;Córdoba;Argentina
483;Marianela;Tovar;marianela.tovar.5193@yahoo.com;+34 888632656;2024-11-22;Concepción;Chile
484;Elodia;Llobet;elodia.llobet.3144@gmail.com;+34986143807;2024-11-23;Santiago;Chile
485;Rebeca;Agudo;rebeca.agudo.1099@yahoo.com;+34 927 572 600;2024-11-23;Córdoba;Argentina
486;Anna;Estrada;anna.estrada.5196@outlook.com;+34901 067 889;2024-11-26;Barcelona;España
487;Rosenda;Pla;rosenda.pla.7244@outlook.com;+34848867893;2024-11-26;Barcelona;España
488;Trini;Verdú;trini.verdu.1104@outlook.com;+34923 824 265;2024-11-27;Santiago;Chile
489;Herminia;Roselló;herminia.rosello.9298@hotmail.com;+34 983 367 626;2024-11-27;Montevideo;Uruguay
490;Rebeca;Cañizares;rebeca.cañizares.3155@yahoo.com;+34 926 70 06 54;2024-11-27;Montevideo;Uruguay
491;Herminio;Hernández;herminio.hernandez.1108@outlook.com;+34876 25 74 49;2024-11-28;Santiago;Chile
492;Isaac;Zabala;isaac.zabala.7257@yahoo.com;+34880754546;2024-11-28;Concepción;Chile
493;Lalo;Losa;lalo.losa.1114@yahoo.com;+34800 846 528;2024-11-28;Madrid;España
494;Cipriano;Ureña;cipriano.ureña.1115@hotmail.com;+34916 46 11 23;2024-11-28;Santiago;Chile
495;Gisela;Bernad;gisela.bernad.3163@hotmail.com;+34981306167;2024-11-29;Buenos Aires;Argentina
496;Jordana;Rodriguez;jordana.rodriguez.9309@gmail.com;+34 876 018 233;2024-12-01;Valparaíso;Chile
497;Omar;Salinas;omar.salinas.3166@hotmail.com;+34884 869 313;2024-12-02;Santiago;Chile
498;Esther;Camino;esther.camino.3167@hotmail.com;+34 921 78 62 30;2024-12-03;Buenos Aires;Argentina
499;Trinidad;Galiano;trinidad.galiano.1120@outlook.com;+34971 26 81 10;2024-12-03;Barcelona;España
500;Maximiliano;Cámara;maximiliano.camara.7264@yahoo.com;+34 803809523;2024-12-04;Barcelona;España
501;Odalis;Molins;odalis.molins.7266@yahoo.com;+34832 54 79 31;2024-12-04;Córdoba;Argentina
502;Beatriz;Palomar;beatriz.palomar.9316@outlook.com;+34 803 39 43 94;2024-12-05;Buenos Aires;Argentina
503;Matías;Sabater;matias.sabater.7270@yahoo.com;+34 807589417;2024-12-05;Montevideo;Uruguay
504;Félix;Lucas;felix.lucas.5225@gmail.com;+34 800 489 135;2024-12-06;Madrid;España
505;Carla;Vilalta;carla.vilalta.5227@gmail.com;+34948149720;2024-12-06;Valparaíso;Chile
506;Ignacio;Cuevas;ignacio.cuevas.9324@gmail.com;+34 884 116 065;2024-12-07;Montevideo;Uruguay
507;Toño;Cano;toño.cano.7278@yahoo.com;+34982454423;2024-12-07;Concepción;Chile
508;Amarilis;Jordá;amarilis.jorda.5230@gmail.com;+34856865549;2024-12-08;Barcelona;España
509;Araceli;Sotelo;araceli.sotelo.1139@yahoo.com;+34807046146;2024-12-08;Buenos Aires;Argentina
510;Gabino;Barrena;gabino.barrena.1141@outlook.com;+34878 877 987;2024-12-09;Buenos Aires;Argentina
511;Ariadna;Esteve;ariadna.esteve.3189@hotmail.com;+34923604716;2024-12-10;Santiago;Chile
512;Odalis;Sedano;odalis.sedano.1143@gmail.com;+34902 87 02 06;2024-12-10;Sevilla;España
513;Soledad;Gutierrez;soledad.gutierrez.5243@yahoo.com;+34878968850;2024-12-11;Salto;Uruguay
514;Fabián;Elías;fabian.elias.1148@hotmail.com;+34 986869148;2024-12-12;Rosario;Argentina
515;José Antonio;Manso;joseantonio.manso.1149@gmail.com;+34921 58 17 32;2024-12-12;Madrid;España
516;Cosme;Llorente;cosme.llorente.5245@gmail.com;+34988 181 627;2024-12-12;Córdoba;Argentina
517;Héctor;Teruel;hector.teruel.9344@gmail.com;+34806 676 244;2024-12-13;Madrid;España
518;Alexandra;Hurtado;alexandra.hurtado.9345@yahoo.com;+34922294933;2024-12-13;Madrid;España
519;Adora;Matas;adora.matas.7296@gmail.com;+34 888 97 35 31;2024-12-14;Santiago;Chile
520;Carmelo;Somoza;carmelo.somoza.9347@outlook.com;+34 877 397 526;2024-12-14;Madrid;España
521;Emelina;Fuentes;emelina.fuentes.3203@outlook.com;+34842904697;2024-12-14;Córdoba;Argentina
522;Trinidad;Vera;trinidad.vera.5248@yahoo.com;+34986708857;2024-12-16;Montevideo;Uruguay
523;Régulo;Urrutia;regulo.urrutia.5255@outlook.com;+34942 805 446;2024-12-16;Madrid;España
524;Cloe;Baró;cloe.baro.1163@hotmail.com;+34807219447;2024-12-16;Valparaíso;Chile
525;Montserrat;Estrada;montserrat.estrada.1167@hotmail.com;+34734888938;2024-12-17;Concepción;Chile
526;Guiomar;Ortiz;guiomar.ortiz.5264@gmail.com;+34 700 955 252;2024-12-20;Concepción;Chile
527;Isabela;Cerdá;isabela.cerda.3217@yahoo.com;+34 875804478;2024-12-21;Rosario;Argentina
528;Hilda;Agullo;hilda.agullo.7314@hotmail.com;+34922 30 83 24;2024-12-22;Concepción;Chile
529;Norberto;Martí;norberto.marti.1171@yahoo.com;+34 920 19 53 06;2024-12-23;Salto;Uruguay
530;Roldán;Coronado;roldan.coronado.9359@hotmail.com;+34 986131804;2024-12-24;Punta del Este;Uruguay
531;Felicidad;Montero;felicidad.montero.7321@outlook.com;+34 821 15 97 53;2024-12-24;Montevideo;Uruguay
532;Petrona;Barreda;petrona.barreda.3226@outlook.com;+34800975495;2024-12-25;Sevilla;España
533;Ciriaco;Higueras;ciriaco.higueras.9370@hotmail.com;+34810 24 84 29;2024-12-26;Barcelona;España
534;Salomé;García;salome.garcia.5279@outlook.com;+34986 859 105;2024-12-26;Punta del Este;Uruguay
535;Erasmo;Salazar;erasmo.salazar.7330@hotmail.com;+34981 97 67 50;2024-12-26;Valparaíso;Chile
536;Telmo;Durán;telmo.duran.9379@yahoo.com;+34 927 730 992;2024-12-27;Barcelona;España
537;Jerónimo;Solano;jeronimo.solano.5286@hotmail.com;+34 621619328;2024-12-28;Punta del Este;Uruguay
538;Felisa;Camacho;felisa.camacho.5287@yahoo.com;+34 874719093;2024-12-29;Santiago;Chile
539;Brígida;Guzmán;brigida.guzman.3238@hotmail.com;+34 945559796;2024-12-30;Salto;Uruguay
540;Baldomero;Gallo;baldomero.gallo.5288@gmail.com;+34 901 544 920;2024-12-31;Barcelona;España
541;Virginia;Benítez;virginia.benitez.5290@gmail.com;+34982955441;2024-12-31;Santiago;Chile
542;Manuelita;Solís;manuelita.solis.7339@gmail.com;+34947 513 547;2024-12-31;Montevideo;Uruguay
543;Erasmo;Cano;erasmo.cano.9392@gmail.com;+34 841 334 628;2024-12-31;Madrid;España
544;Aurelia;Rivas;aurelia.rivas.3249@yahoo.com;+34864961204;2025-01-01;Valparaíso;Chile
545;Cristóbal;Belmonte;cristobal.belmonte.3248@outlook.com;+34 874 078 190;2025-01-02;Montevideo;Uruguay
546;Micaela;Torrent;micaela.torrent.5298@outlook.com;+34 954 731 811;2025-01-03;Sevilla;España
547;Salvador;Villalobos;salvador.villalobos.9398@gmail.com;+34835 287 855;2025-01-03;Montevideo;Uruguay
548;Bibiana;Campillo;bibiana.campillo.7352@outlook.com;+34 939 07 14 38;2025-01-04;Valparaíso;Chile
549;Aarón;Pinedo;aaron.pinedo.9404@outlook.com;+34874231130;2025-01-04;Santiago;Chile
550;Amparo;Soto;amparo.soto.7358@hotmail.com;+34823 208 952;2025-01-05;Montevideo;Uruguay
551;Yago;Sierra;yago.sierra.5318@gmail.com;+34881 76 16 23;2025-01-06;Santiago;Chile
552;Amanda;Ayllón;amanda.ayllon.9415@yahoo.com;+34 985548940;2025-01-07;Madrid;España
553;Román;Casals;roman.casals.5320@gmail.com;+34977 996 141;2025-01-09;Concepción;Chile
554;Rita;Carbonell;rita.carbonell.1223@yahoo.com;+34885 385 218;2025-01-09;Rosario;Argentina
555;Juanito;Uría;juanito.uria.7373@yahoo.com;+34847184635;2025-01-10;Concepción;Chile
556;Miguel;Vidal;miguel.vidal.3278@gmail.com;+34826 602 984;2025-01-10;Rosario;Argentina
557;Alfonso;Gordillo;alfonso.gordillo.3280@hotmail.com;+34888 387 725;2025-01-10;Madrid;España
558;Reyna;Palomino;reyna.palomino.1233@gmail.com;+34 876 87 85 37;2025-01-11;Buenos Aires;Argentina
559;Manolo;Sevilla;manolo.sevilla.5330@hotmail.com;+34921 46 56 80;2025-01-11;Madrid;España
560;Ambrosio;Trillo;ambrosio.trillo.1240@outlook.com;+34 716 946 874;2025-01-11;Rosario;Argentina
561;Ani;Barroso;ani.barroso.3288@gmail.com;+34849 648 501;2025-01-14;Córdoba;Argentina
562;Maribel;Vigil;maribel.vigil.9439@hotmail.com;+34 821253804;2025-01-15;Rosario;Argentina
563;Marcial;Martí;marcial.marti.3295@gmail.com;+34 841 07 15 14;2025-01-16;Santiago;Chile
564;Chus;Somoza;chus.somoza.1248@gmail.com;+34818 161 745;2025-01-16;Concepción;Chile
565;Vilma;Escribano;vilma.escribano.3296@gmail.com;+34824 168 083;2025-01-16;Barcelona;España
566;Yéssica;Francisco;yessica.francisco.5348@yahoo.com;+34942 61 22 24;2025-01-17;Punta del Este;Uruguay
567;Sosimo;Martín;sosimo.martin.9446@outlook.com;+34822562309;2025-01-18;Barcelona;España
568;Hernán;Luna;hernan.luna.7399@outlook.com;+34922 87 07 14;2025-01-18;Barcelona;España
569;Aristides;Bernad;aristides.bernad.7400@yahoo.com;+34925 699 432;2025-01-21;Montevideo;Uruguay
570;Regina;Parejo;regina.parejo.3305@outlook.com;+34 965203642;2025-01-24;Córdoba;Argentina
571;Alcides;Herrera;alcides.herrera.1258@hotmail.com;+34 873 59 30 86;2025-01-25;Barcelona;España
572;Chita;Noguera;chita.noguera.1254@hotmail.com;+34 924471668;2025-01-25;Rosario;Argentina
573;Juan Antonio;Azorin;juanantonio.azorin.3307@hotmail.com;+34807044734;2025-01-25;Concepción;Chile
574;Gregorio;Galván;gregorio.galvan.5354@outlook.com;+34 925 60 80 81;2025-01-26;Montevideo;Uruguay
575;Leonor;Juliá;leonor.julia.5353@hotmail.com;+34 880 03 56 69;2025-01-26;Madrid;España
576;Aníbal;Palomino;anibal.palomino.9455@outlook.com;+34949 95 36 23;2025-01-27;Valparaíso;Chile
577;Juan José;Malo;juanjose.malo.3313@gmail.com;+34849 05 81 20;2025-01-29;Montevideo;Uruguay
578;Maricela;Gálvez;maricela.galvez.9458@outlook.com;+34 973831027;2025-01-29;Salto;Uruguay
579;Miguel;Sáenz;miguel.saenz.3315@hotmail.com;+34 971522068;2025-01-30;Montevideo;Uruguay
580;Salvador;Neira;salvador.neira.7411@gmail.com;+34975 82 81 89;2025-01-31;Barcelona;España
581;Sol;Carranza;sol.carranza.1269@gmail.com;+34 944728383;2025-01-31;Sevilla;España
582;Fulgencio;Suarez;fulgencio.suarez.5366@yahoo.com;+34 747 048 890;2025-01-31;Salto;Uruguay
583;Teresa;Chacón;teresa.chacon.7417@hotmail.com;+34 945949507;2025-02-01;Santiago;Chile
584;Goyo;Otero;goyo.otero.5369@hotmail.com;+34 838 108 159;2025-02-02;Córdoba;Argentina
585;Jessica;Echevarría;jessica.echevarria.9466@outlook.com;+34880 221 995;2025-02-02;Córdoba;Argentina
586;Jenaro;Jiménez;jenaro.jimenez.7422@outlook.com;+34 986 750 440;2025-02-04;Montevideo;Uruguay
587;Íngrid;Miralles;ingrid.miralles.5374@outlook.com;+34 882 063 667;2025-02-05;Buenos Aires;Argentina
588;César;Echevarría;cesar.echevarria.5376@yahoo.com;+34 871 34 73 90;2025-02-06;Salto;Uruguay
589;Miriam;Saldaña;miriam.saldaña.5375@hotmail.com;+34 884 22 22 46;2025-02-07;Sevilla;España
590;Joan;Casal;joan.casal.7424@gmail.com;+34 828 325 773;2025-02-08;Valparaíso;Chile
591;Anastasia;Ripoll;anastasia.ripoll.3327@yahoo.com;+34 846 44 84 69;2025-02-08;Salto;Uruguay
592;Lara;Niño;lara.niño.5380@yahoo.com;+34 923 071 700;2025-02-08;Buenos Aires;Argentina
593;Patricio;Puerta;patricio.puerta.3334@yahoo.com;+34 923 603 690;2025-02-10;Sevilla;España
594;Samu;Castrillo;samu.castrillo.7434@yahoo.com;+34 941 949 623;2025-02-11;Punta del Este;Uruguay
595;Sol;Cruz;sol.cruz.9482@outlook.com;+34806454885;2025-02-12;Concepción;Chile
596;Sabas;Quintero;sabas.quintero.3340@hotmail.com;+34 876502811;2025-02-13;Barcelona;España
597;Jenaro;Mata;jenaro.mata.5389@gmail.com;+34 841661761;2025-02-14;Barcelona;España
598;Luz;Poza;luz.poza.9487@yahoo.com;+34 849 943 180;2025-02-15;Rosario;Argentina
599;Elba;Jordán;elba.jordan.9490@outlook.com;+34 960246424;2025-02-16;Sevilla;España
600;Albino;Botella;albino.botella.7447@hotmail.com;+34 922 38 28 50;2025-02-18;Córdoba;Argentina
601;Dionisia;Lucas;dionisia.lucas.3352@gmail.com;+34726 829 821;2025-02-18;Punta del Este;Uruguay
602;Cristian;Trillo;cristian.trillo.9498@outlook.com;+34 943154287;2025-02-19;Santiago;Chile
603;Lope;Batlle;lope.batlle.9499@hotmail.com;+34 866 99 73 97;2025-02-21;Punta del Este;Uruguay
604;Beatriz;Aragonés;beatriz.aragones.5405@gmail.com;+34974 06 79 05;2025-02-22;Punta del Este;Uruguay
605;Julie;Manjón;julie.manjon.7454@outlook.com;+34 976394298;2025-02-22;Punta del Este;Uruguay
606;Baudelio;Carbonell;baudelio.carbonell.3360@yahoo.com;+34 974 51 59 66;2025-02-26;Concepción;Chile
607;Germán;Peinado;german.peinado.5411@yahoo.com;+34732 630 630;2025-02-27;Sevilla;España
608;Alberto;Alcázar;alberto.alcazar.7461@gmail.com;+34 988 673 862;2025-02-28;Madrid;España
609;Elisa;Vega;elisa.vega.9510@gmail.com;+34873 541 317;2025-03-01;Salto;Uruguay
610;Porfirio;Asensio;porfirio.asensio.3365@yahoo.com;+34 984 277 147;2025-03-01;Salto;Uruguay
611;Bibiana;Jordá;bibiana.jorda.9512@outlook.com;+34 985217409;2025-03-02;Buenos Aires;Argentina
612;Ramón;Abascal;ramon.abascal.5416@gmail.com;+34877 412 792;2025-03-02;Barcelona;España
613;Cayetano;Albero;cayetano.albero.5414@outlook.com;+34 982063067;2025-03-02;Salto;Uruguay
614;María Luisa;Bonilla;marialuisa.bonilla.1321@outlook.com;+34 815 371 855;2025-03-02;Salto;Uruguay
615;Luis Ángel;Azcona;luisangel.azcona.9516@gmail.com;+34942 772 382;2025-03-03;Madrid;España
616;Teobaldo;Caro;teobaldo.caro.1327@yahoo.com;+34921602422;2025-03-03;Valparaíso;Chile
617;Lino;Gárate;lino.garate.1328@yahoo.com;+34 800566403;2025-03-05;Montevideo;Uruguay
618;José María;Fernandez;josemaria.fernandez.3377@yahoo.com;+34971228806;2025-03-05;Córdoba;Argentina
619;Eligia;Bueno;eligia.bueno.3378@yahoo.com;+34 928 99 01 06;2025-03-05;Santiago;Chile
620;Marcia;Vega;marcia.vega.1330@hotmail.com;+34819555800;2025-03-06;Sevilla;España
621;José Ángel;Santamaría;joseangel.santamaria.9524@gmail.com;+34824138004;2025-03-06;Punta del Este;Uruguay
622;Bernarda;Egea;bernarda.egea.3381@outlook.com;+34975897393;2025-03-06;Sevilla;España
623;Quirino;Bauzà;quirino.bauzà.9528@outlook.com;+34 823 180 339;2025-03-06;Punta del Este;Uruguay
624;Samuel;Herranz;samuel.herranz.3384@hotmail.com;+34 807 639 481;2025-03-06;Santiago;Chile
625;Angelita;Garriga;angelita.garriga.9534@gmail.com;+34980024222;2025-03-06;Salto;Uruguay
626;Anacleto;Cuervo;anacleto.cuervo.5438@hotmail.com;+34 902 25 44 40;2025-03-07;Valparaíso;Chile
627;Leandra;Miranda;leandra.miranda.7489@yahoo.com;+34978920227;2025-03-07;Barcelona;España
628;Calista;Reguera;calista.reguera.7490@outlook.com;+34 979451938;2025-03-07;Punta del Este;Uruguay
629;Ciríaco;Zamora;ciriaco.zamora.1349@hotmail.com;+34877 68 46 42;2025-03-08;Valparaíso;Chile
630;Ramona;Pallarès;ramona.pallarès.1350@hotmail.com;+34943 40 48 35;2025-03-10;Barcelona;España
631;Candelario;Soto;candelario.soto.9542@yahoo.com;+34921 564 767;2025-03-11;Punta del Este;Uruguay
632;Ciriaco;Salmerón;ciriaco.salmeron.9543@hotmail.com;+34818 29 67 84;2025-03-11;Barcelona;España
633;Charo;Machado;charo.machado.7494@hotmail.com;+34826 755 952;2025-03-13;Concepción;Chile
634;Reyna;Diaz;reyna.diaz.9546@hotmail.com;+34 981 301 774;2025-03-13;Concepción;Chile
635;Leocadia;Díez;leocadia.diez.3402@outlook.com;+34826 346 734;2025-03-13;Sevilla;España
636;Genoveva;Ocaña;genoveva.ocaña.5453@yahoo.com;+34902631050;2025-03-14;Salto;Uruguay
637;Toño;Luís;toño.luis.3407@hotmail.com;+34948 74 36 59;2025-03-15;Santiago;Chile
638;Marina;Flores;marina.flores.9551@gmail.com;+34 945 654 937;2025-03-17;Salto;Uruguay
639;Luna;Prat;luna.prat.5457@gmail.com;+34 849 71 55 31;2025-03-18;Punta del Este;Uruguay
640;Susana;Acero;susana.acero.5458@gmail.com;+34 864 52 64 34;2025-03-19;Valparaíso;Chile
641;Octavia;Cárdenas;octavia.cardenas.7510@hotmail.com;+34872 886 565;2025-03-19;Buenos Aires;Argentina
642;Esperanza;Cifuentes;esperanza.cifuentes.1366@gmail.com;+34 900 24 70 00;2025-03-19;Santiago;Chile
643;Cándida;Santos;candida.santos.7512@outlook.com;+34881 33 81 30;2025-03-20;Buenos Aires;Argentina
644;Amílcar;Catalá;amilcar.catala.7515@gmail.com;+34888 717 356;2025-03-22;Valparaíso;Chile
645;Salud;Mas;salud.mas.5470@yahoo.com;+34 878 212 865;2025-03-22;Montevideo;Uruguay
646;Ester;Palacio;ester.palacio.1375@hotmail.com;+34948 693 920;2025-03-23;Córdoba;Argentina
647;Rodolfo;Cuervo;rodolfo.cuervo.7523@yahoo.com;+34 969261278;2025-03-25;Punta del Este;Uruguay
648;Bautista;Terrón;bautista.terron.1385@outlook.com;+34 821213393;2025-03-26;Rosario;Argentina
649;Cristóbal;Cal;cristobal.cal.3434@hotmail.com;+34 886 20 87 04;2025-03-27;Córdoba;Argentina
650;Agustina;Gárate;agustina.garate.3435@outlook.com;+34 873258187;2025-03-28;Buenos Aires;Argentina
651;Nicolasa;Frutos;nicolasa.frutos.7533@yahoo.com;+34926 268 366;2025-03-28;Punta del Este;Uruguay
652;Rosendo;Bou;rosendo.bou.9583@gmail.com;+34 924 000 654;2025-03-29;Rosario;Argentina
653;Camilo;Carreño;camilo.carreño.1396@hotmail.com;+34827486559;2025-03-31;Montevideo;Uruguay
654;Reina;Ruiz;reina.ruiz.5498@hotmail.com;+34920 89 98 48;2025-03-31;Santiago;Chile
655;Miguela;Montserrat;miguela.montserrat.1406@gmail.com;+34 868608345;2025-04-01;Punta del Este;Uruguay
656;Rosalina;Arjona;rosalina.arjona.7553@gmail.com;+34 978612254;2025-04-01;Sevilla;España
657;Amancio;Méndez;amancio.mendez.1412@outlook.com;+34943 69 81 81;2025-04-01;Madrid;España
658;Samu;Ocaña;samu.ocaña.7557@hotmail.com;+34949527187;2025-04-01;Valparaíso;Chile
659;Balduino;Nadal;balduino.nadal.9605@yahoo.com;+34 939990350;2025-04-02;Madrid;España
660;Nando;Escolano;nando.escolano.5508@yahoo.com;+34984 133 961;2025-04-02;Punta del Este;Uruguay
661;Evelia;Calderon;evelia.calderon.1416@outlook.com;+34 987462018;2025-04-03;Barcelona;España
662;Luz;Marín;luz.marin.1417@yahoo.com;+34 871 898 268;2025-04-04;Punta del Este;Uruguay
663;Iván;Gibert;ivan.gibert.9611@yahoo.com;+34978052173;2025-04-05;Rosario;Argentina
664;Balduino;Grau;balduino.grau.1421@yahoo.com;+34942 901 815;2025-04-05;Rosario;Argentina
665;Nerea;Soria;nerea.soria.9618@yahoo.com;+34984 380 926;2025-04-05;Barcelona;España
666;Teobaldo;Palmer;teobaldo.palmer.5523@outlook.com;+34834 776 738;2025-04-07;Madrid;España
667;José;Adán;jose.adan.9621@outlook.com;+34 974 94 97 54;2025-04-07;Madrid;España
668;José Luis;Solsona;joseluis.solsona.7573@gmail.com;+34947 06 85 52;2025-04-09;Santiago;Chile
669;Severiano;Moles;severiano.moles.5528@gmail.com;+34847 844 192;2025-04-09;Rosario;Argentina
670;Martín;Cañizares;martin.cañizares.1434@yahoo.com;+34 974297883;2025-04-09;Sevilla;España
671;Nereida;Bru;nereida.bru.7579@outlook.com;+34 873080253;2025-04-09;Salto;Uruguay
672;Mamen;Castro;mamen.castro.3484@outlook.com;+34 841 380 193;2025-04-10;Punta del Este;Uruguay
673;Nadia;Torrents;nadia.torrents.5532@gmail.com;+34 927 91 78 52;2025-04-11;Concepción;Chile
674;Antonio;Vazquez;antonio.vazquez.3487@outlook.com;+34888 663 130;2025-04-12;Montevideo;Uruguay
675;Dan;Esparza;dan.esparza.5536@hotmail.com;+34824932536;2025-04-12;Sevilla;España
676;Víctor;Arregui;victor.arregui.3488@hotmail.com;+34 925 80 25 91;2025-04-13;Rosario;Argentina
677;Beatriz;Pla;beatriz.pla.3490@yahoo.com;+34879 187 599;2025-04-13;Córdoba;Argentina
678;Edelmiro;Puerta;edelmiro.puerta.5540@hotmail.com;+34 888 531 481;2025-04-14;Buenos Aires;Argentina
679;Sabina;Montalbán;sabina.montalban.3492@hotmail.com;+34 979 058 577;2025-04-14;Montevideo;Uruguay
680;María Del Carmen;Trillo;mariadelcarmen.trillo.5542@yahoo.com;+34 824649962;2025-04-15;Concepción;Chile
681;Martin;Aguirre;martin.aguirre.9637@hotmail.com;+34 820 72 69 91;2025-04-15;Rosario;Argentina
682;Goyo;Gámez;goyo.gamez.7593@outlook.com;+34982 261 937;2025-04-16;Punta del Este;Uruguay
683;Severiano;Calatayud;severiano.calatayud.9644@gmail.com;+34 849 281 009;2025-04-16;Buenos Aires;Argentina
684;Adrián;Cisneros;adrian.cisneros.7602@gmail.com;+34 846 510 246;2025-04-16;Sevilla;España
685;Chus;Neira;chus.neira.1459@hotmail.com;+34875 775 241;2025-04-17;Punta del Este;Uruguay
686;Febe;Alfonso;febe.alfonso.9652@yahoo.com;+34 949 853 314;2025-04-17;Córdoba;Argentina
687;Nieves;Barrios;nieves.barrios.7605@gmail.com;+34 800 27 02 37;2025-04-18;Punta del Este;Uruguay
688;Ruy;Díaz;ruy.diaz.5556@hotmail.com;+34 827 21 51 62;2025-04-18;Punta del Este;Uruguay
689;Julie;Toro;julie.toro.1460@gmail.com;+34 920 52 36 98;2025-04-19;Madrid;España
690;Fabricio;Villalonga;fabricio.villalonga.3512@outlook.com;+34977 063 574;2025-04-19;Montevideo;Uruguay
691;Rómulo;Salvà;romulo.salvà.3513@hotmail.com;+34 740 50 51 23;2025-04-19;Punta del Este;Uruguay
692;Isaías;Palomares;isaias.palomares.7609@yahoo.com;+34863 59 40 29;2025-04-19;Buenos Aires;Argentina
693;Gregorio;Fabregat;gregorio.fabregat.9658@outlook.com;+34 886 08 51 00;2025-04-20;Salto;Uruguay
694;Inocencio;Carnero;inocencio.carnero.1466@hotmail.com;+34882 22 62 27;2025-04-21;Santiago;Chile
695;Juan Bautista;Cornejo;juanbautista.cornejo.7613@gmail.com;+34 942 753 953;2025-04-21;Rosario;Argentina
696;Evaristo;Vives;evaristo.vives.5564@yahoo.com;+34960 28 51 60;2025-04-22;Barcelona;España
697;Juan Antonio;Guardia;juanantonio.guardia.3518@hotmail.com;+34884 57 07 90;2025-04-23;Salto;Uruguay
698;Juliana;Gonzalez;juliana.gonzalez.3516@hotmail.com;+34 625741317;2025-04-24;Sevilla;España
699;Bartolomé;Pont;bartolome.pont.5571@outlook.com;+34944 594 359;2025-04-24;Valparaíso;Chile
700;Teófilo;Montaña;teofilo.montaña.3523@outlook.com;+34807829784;2025-04-26;Concepción;Chile
701;Regina;Cabezas;regina.cabezas.3525@hotmail.com;+34847 788 582;2025-04-30;Concepción;Chile
702;Rodrigo;Carrillo;rodrigo.carrillo.3526@outlook.com;+34 875376255;2025-05-01;Concepción;Chile
703;Arturo;Cordero;arturo.cordero.3529@gmail.com;+34 928 366 668;2025-05-01;Madrid;España
704;Isidoro;Maestre;isidoro.maestre.3530@yahoo.com;+34 843 919 056;2025-05-03;Barcelona;España
705;Estrella;Iñiguez;estrella.iñiguez.7627@outlook.com;+34 822 098 723;2025-05-03;Punta del Este;Uruguay
706;Margarita;Burgos;margarita.burgos.1483@yahoo.com;+34803 47 37 44;2025-05-03;Buenos Aires;Argentina
707;Georgina;Garcés;georgina.garces.9673@outlook.com;+34 826 06 18 90;2025-05-03;Salto;Uruguay
708;María Del Carmen;Aguiló;mariadelcarmen.aguilo.7630@gmail.com;+34 880068593;2025-05-04;Concepción;Chile
709;Heriberto;Llabrés;heriberto.llabres.9681@yahoo.com;+34845440875;2025-05-04;Rosario;Argentina
710;Amanda;Gargallo;amanda.gargallo.7636@hotmail.com;+34877062847;2025-05-05;Montevideo;Uruguay
711;Víctor;Plana;victor.plana.5588@hotmail.com;+34 879109808;2025-05-05;Barcelona;España
712;Danilo;Gracia;danilo.gracia.9687@gmail.com;+34959856632;2025-05-05;Sevilla;España
713;Graciano;Rozas;graciano.rozas.1498@gmail.com;+34880 01 36 09;2025-05-05;Valparaíso;Chile
714;Lidia;Fuentes;lidia.fuentes.1501@gmail.com;+34846810913;2025-05-06;Punta del Este;Uruguay
715;Emelina;Rivero;emelina.rivero.7648@outlook.com;+34 888292927;2025-05-06;Punta del Este;Uruguay
716;Elvira;Águila;elvira.aguila.1504@yahoo.com;+34875080911;2025-05-06;Santiago;Chile
717;Armida;Fuentes;armida.fuentes.1505@outlook.com;+34862591439;2025-05-07;Madrid;España
718;Carlos;Martín;carlos.martin.9698@outlook.com;+34 734645774;2025-05-09;Sevilla;España
719;Nazaret;Salcedo;nazaret.salcedo.9702@yahoo.com;+34980 80 54 11;2025-05-09;Santiago;Chile
720;Mayte;Duran;mayte.duran.9703@hotmail.com;+34 882864350;2025-05-10;Montevideo;Uruguay
721;Gregorio;Canals;gregorio.canals.7656@gmail.com;+34 978663931;2025-05-11;Concepción;Chile
722;Roldán;Ugarte;roldan.ugarte.5609@gmail.com;+34 880 04 64 10;2025-05-12;Montevideo;Uruguay
723;Cecilia;Izquierdo;cecilia.izquierdo.5613@gmail.com;+34926 73 02 67;2025-05-12;Rosario;Argentina
724;Azahara;Palacio;azahara.palacio.7662@outlook.com;+34944 512 987;2025-05-13;Córdoba;Argentina
725;Georgina;Artigas;georgina.artigas.5614@outlook.com;+34 847 240 469;2025-05-13;Salto;Uruguay
726;Ignacio;Vega;ignacio.vega.3568@yahoo.com;+34982568328;2025-05-14;Montevideo;Uruguay
727;Fátima;Bermejo;fatima.bermejo.9718@outlook.com;+34927551671;2025-05-15;Madrid;España
728;Silvio;Lumbreras;silvio.lumbreras.1527@hotmail.com;+34 979 99 66 37;2025-05-15;Santiago;Chile
729;Celso;Almazán;celso.almazan.7672@gmail.com;+34874 90 72 39;2025-05-15;Sevilla;España
730;María Ángeles;Calatayud;mariaangeles.calatayud.9720@hotmail.com;+34 872 317 842;2025-05-16;Buenos Aires;Argentina
731;Raquel;Villaverde;raquel.villaverde.5626@outlook.com;+34 888 911 483;2025-05-16;Montevideo;Uruguay
732;Raúl;Roma;raul.roma.9723@yahoo.com;+34953 843 312;2025-05-17;Córdoba;Argentina
733;Jorge;Villalobos;jorge.villalobos.5628@gmail.com;+34 878 843 402;2025-05-19;Punta del Este;Uruguay
734;Galo;Moll;galo.moll.1533@outlook.com;+34827 236 684;2025-05-22;Concepción;Chile
735;José;Sans;jose.sans.9728@yahoo.com;+34900 300 091;2025-05-23;Buenos Aires;Argentina
736;Estrella;Peñas;estrella.peñas.3585@outlook.com;+34878 498 770;2025-05-24;Concepción;Chile
737;Che;Valencia;che.valencia.9734@hotmail.com;+34 978 31 68 22;2025-05-24;Buenos Aires;Argentina
738;Benjamín;Vall;benjamin.vall.5639@gmail.com;+34 941 117 305;2025-05-26;Córdoba;Argentina
739;Sara;Casanovas;sara.casanovas.9736@outlook.com;+34 984 734 507;2025-05-27;Madrid;España
740;Haroldo;Paniagua;haroldo.paniagua.1543@yahoo.com;+34 705 38 06 97;2025-05-27;Valparaíso;Chile
741;Silvio;Esparza;silvio.esparza.9741@gmail.com;+34 944120159;2025-05-28;Salto;Uruguay
742;Jeremías;Madrigal;jeremias.madrigal.5646@hotmail.com;+34843 654 999;2025-05-29;Buenos Aires;Argentina
743;Wilfredo;Yáñez;wilfredo.yañez.3599@hotmail.com;+34841 98 80 23;2025-05-30;Salto;Uruguay
744;Marita;Haro;marita.haro.3602@yahoo.com;+34 871 918 598;2025-05-31;Concepción;Chile
745;Flor;Torre;flor.torre.7698@yahoo.com;+34845628343;2025-05-31;Concepción;Chile
746;Alejandra;Vélez;alejandra.velez.1561@hotmail.com;+34800983319;2025-06-01;Salto;Uruguay
747;Berta;Tovar;berta.tovar.7710@gmail.com;+34 986 72 64 75;2025-06-01;Santiago;Chile
748;Damián;Borja;damian.borja.7711@gmail.com;+34975803024;2025-06-01;Concepción;Chile
749;Jordi;Reig;jordi.reig.3615@gmail.com;+34 988 634 856;2025-06-01;Concepción;Chile
750;Calisto;Carpio;calisto.carpio.3618@yahoo.com;+34 984582721;2025-06-01;Madrid;España
751;Cesar;Valbuena;cesar.valbuena.9763@hotmail.com;+34 874 80 99 30;2025-06-01;Buenos Aires;Argentina
752;Ximena;Borrás;ximena.borras.9765@hotmail.com;+34 886396085;2025-06-02;Rosario;Argentina
753;Rosario;Ros;rosario.ros.9766@gmail.com;+34831446642;2025-06-02;Madrid;España
754;Emma;Peláez;emma.pelaez.9767@yahoo.com;+34825 87 51 73;2025-06-03;Sevilla;España
755;Dionisio;Tena;dionisio.tena.5671@gmail.com;+34845500151;2025-06-03;Rosario;Argentina
756;Ildefonso;Alfonso;ildefonso.alfonso.7721@outlook.com;+34947569432;2025-06-04;Salto;Uruguay
757;Maximiliano;Valencia;maximiliano.valencia.1579@yahoo.com;+34 902821650;2025-06-04;Salto;Uruguay
758;Natalio;Vigil;natalio.vigil.3633@gmail.com;+34 945 85 86 59;2025-06-07;Concepción;Chile
759;Xavier;Llorente;xavier.llorente.9777@yahoo.com;+34934 769 665;2025-06-08;Barcelona;España
760;Xiomara;Riera;xiomara.riera.1586@gmail.com;+34 749 73 25 32;2025-06-08;Punta del Este;Uruguay
761;Demetrio;Leiva;demetrio.leiva.7732@outlook.com;+34 984 057 159;2025-06-09;Sevilla;España
762;Leoncio;Perelló;leoncio.perello.9781@outlook.com;+34 820 65 83 59;2025-06-09;Santiago;Chile
763;Maura;Solé;maura.sole.3637@hotmail.com;+34920 46 74 70;2025-06-09;Santiago;Chile
764;Armando;Barrena;armando.barrena.9783@hotmail.com;+34 988 60 51 22;2025-06-10;Santiago;Chile
765;Isidro;Aguado;isidro.aguado.7737@gmail.com;+34 883922937;2025-06-11;Córdoba;Argentina
766;Febe;Téllez;febe.tellez.7739@gmail.com;+34 735947532;2025-06-11;Rosario;Argentina
767;Chuy;Viñas;chuy.viñas.1596@hotmail.com;+34 873942474;2025-06-11;Rosario;Argentina
768;Jacobo;Manjón;jacobo.manjon.1605@yahoo.com;+34988876197;2025-06-11;Santiago;Chile
769;Esmeralda;Viana;esmeralda.viana.1606@gmail.com;+34 800 89 02 68;2025-06-12;Barcelona;España
770;Jose;Verdugo;jose.verdugo.1608@gmail.com;+34 947 724 643;2025-06-13;Buenos Aires;Argentina
771;Renata;Tamayo;renata.tamayo.5705@hotmail.com;+34 978469941;2025-06-15;Buenos Aires;Argentina
772;María Cristina;Oller;mariacristina.oller.5706@yahoo.com;+34 839344835;2025-06-15;Sevilla;España
773;Wilfredo;Vilaplana;wilfredo.vilaplana.1610@hotmail.com;+34879719365;2025-06-16;Rosario;Argentina
774;María Ángeles;Álamo;mariaangeles.alamo.3668@hotmail.com;+34875187189;2025-06-16;Madrid;España
775;Marc;Pino;marc.pino.7766@outlook.com;+34976 45 51 47;2025-06-17;Concepción;Chile
776;Xiomara;Verdejo;xiomara.verdejo.3671@yahoo.com;+34 845 60 13 22;2025-06-17;Punta del Este;Uruguay
777;Sofía;Bilbao;sofia.bilbao.5720@hotmail.com;+34861 35 45 57;2025-06-18;Barcelona;España
778;Melisa;Linares;melisa.linares.9817@gmail.com;+34888 943 741;2025-06-18;Madrid;España
779;Consuela;Rios;consuela.rios.3674@gmail.com;+34705 223 070;2025-06-19;Santiago;Chile
780;Ángela;Marcos;angela.marcos.7770@yahoo.com;+34 826 04 83 52;2025-06-19;Sevilla;España
781;Ruth;Morales;ruth.morales.5721@outlook.com;+34 822 165 927;2025-06-20;Córdoba;Argentina
782;Manola;Lamas;manola.lamas.1629@yahoo.com;+34 848 37 35 91;2025-06-20;Montevideo;Uruguay
783;Narciso;Maldonado;narciso.maldonado.7776@hotmail.com;+34 845 53 39 99;2025-06-21;Santiago;Chile
784;Ani;Molins;ani.molins.3682@gmail.com;+34826155149;2025-06-21;Córdoba;Argentina
785;Javier;Águila;javier.aguila.1635@hotmail.com;+34 927559269;2025-06-23;Montevideo;Uruguay
786;Felicia;Morata;felicia.morata.5733@yahoo.com;+34 813890982;2025-06-23;Buenos Aires;Argentina
787;Isidoro;Galván;isidoro.galvan.5734@hotmail.com;+34881156396;2025-06-24;Barcelona;España
788;Vanesa;Guerra;vanesa.guerra.7781@outlook.com;+34 900 501 802;2025-06-24;Salto;Uruguay
789;Samanta;Acedo;samanta.acedo.7784@outlook.com;+34921 17 03 29;2025-06-24;Salto;Uruguay
790;Luciano;Delgado;luciano.delgado.3689@outlook.com;+34842552342;2025-06-25;Valparaíso;Chile
791;Celestino;Aparicio;celestino.aparicio.1645@hotmail.com;+34900106663;2025-06-25;Punta del Este;Uruguay
792;Eufemia;Ferrando;eufemia.ferrando.1647@hotmail.com;+34 924937846;2025-06-26;Córdoba;Argentina
793;Desiderio;Arana;desiderio.arana.1652@gmail.com;+34 820728842;2025-06-29;Madrid;España
794;Jeremías;Moles;jeremias.moles.1654@hotmail.com;+34923724088;2025-06-30;Córdoba;Argentina
795;Loida;Cerdá;loida.cerda.5753@gmail.com;+34816 023 570;2025-07-01;Punta del Este;Uruguay
796;Severiano;Ricart;severiano.ricart.5755@gmail.com;+34826 06 45 22;2025-07-01;Montevideo;Uruguay
797;Aurelia;Zabaleta;aurelia.zabaleta.5763@yahoo.com;+34 944689251;2025-07-01;Madrid;España
798;Elisa;Parejo;elisa.parejo.5765@outlook.com;+34 927 97 43 01;2025-07-02;Concepción;Chile
799;Teodosio;Ferrera;teodosio.ferrera.7813@hotmail.com;+34988 084 181;2025-07-03;Córdoba;Argentina
800;Irene;Baeza;irene.baeza.5769@hotmail.com;+34733 38 48 58;2025-07-03;Sevilla;España
801;Eustaquio;Guitart;eustaquio.guitart.3722@outlook.com;+34922 66 07 58;2025-07-03;Madrid;España
802;Héctor;Grande;hector.grande.1674@hotmail.com;+34874587070;2025-07-04;Valparaíso;Chile
803;Gabriel;Serrano;gabriel.serrano.7820@yahoo.com;+34941069523;2025-07-06;Valparaíso;Chile
804;Guiomar;Maza;guiomar.maza.3723@gmail.com;+34944001602;2025-07-06;Sevilla;España
805;Vidal;Baró;vidal.baro.5773@hotmail.com;+34 824 827 252;2025-07-08;Punta del Este;Uruguay
806;Héctor;Hernandez;hector.hernandez.3725@yahoo.com;+34943282280;2025-07-08;Córdoba;Argentina
807;Ámbar;Heredia;ambar.heredia.5778@yahoo.com;+34945163324;2025-07-08;Buenos Aires;Argentina
808;Quirino;Poza;quirino.poza.7828@outlook.com;+34 842 147 563;2025-07-10;Punta del Este;Uruguay
809;Narciso;Agudo;narciso.agudo.7834@hotmail.com;+34 879342105;2025-07-11;Santiago;Chile
810;Ramona;Company;ramona.company.3739@hotmail.com;+34876 478 914;2025-07-12;Santiago;Chile
811;Remigio;Nuñez;remigio.nuñez.5789@gmail.com;+34925 36 55 64;2025-07-12;Barcelona;España
812;Yaiza;Pareja;yaiza.pareja.3741@yahoo.com;+34 719049850;2025-07-14;Rosario;Argentina
813;Lorenzo;Anaya;lorenzo.anaya.1693@hotmail.com;+34976 39 80 51;2025-07-15;Montevideo;Uruguay
814;Lidia;Fuente;lidia.fuente.9888@hotmail.com;+34900374229;2025-07-16;Valparaíso;Chile
815;Ciríaco;Benet;ciriaco.benet.1697@yahoo.com;+34 828026115;2025-07-17;Rosario;Argentina
816;Ruben;Vila;ruben.vila.5792@gmail.com;+34820 441 180;2025-07-18;Córdoba;Argentina
817;Rosaura;Cervera;rosaura.cervera.7843@hotmail.com;+34980481726;2025-07-19;Valparaíso;Chile
818;Carmen;Jimenez;carmen.jimenez.1699@outlook.com;+34 975 698 672;2025-07-19;Punta del Este;Uruguay
819;Adriana;Lorenzo;adriana.lorenzo.7845@hotmail.com;+34 943 19 85 53;2025-07-19;Concepción;Chile
820;Florentino;Palomar;florentino.palomar.9893@yahoo.com;+34878959625;2025-07-20;Montevideo;Uruguay
821;Pelayo;Revilla;pelayo.revilla.7847@outlook.com;+34886328740;2025-07-22;Barcelona;España
822;Elvira;Gaya;elvira.gaya.5800@gmail.com;+34844 26 72 78;2025-07-23;Punta del Este;Uruguay
823;Catalina;Calleja;catalina.calleja.7851@outlook.com;+34920 495 911;2025-07-23;Salto;Uruguay
824;Casandra;Cabezas;casandra.cabezas.7852@hotmail.com;+34 971808994;2025-07-23;Santiago;Chile
825;Geraldo;Manjón;geraldo.manjon.1709@gmail.com;+34 977 918 348;2025-07-23;Madrid;España
826;Manuelita;Diego;manuelita.diego.5804@outlook.com;+34 941526251;2025-07-24;Punta del Este;Uruguay
827;Lázaro;Tenorio;lazaro.tenorio.5809@hotmail.com;+34826 69 53 20;2025-07-26;Punta del Este;Uruguay
828;Benjamín;Burgos;benjamin.burgos.9905@yahoo.com;+34876 49 57 53;2025-07-26;Barcelona;España
829;Sofía;Nevado;sofia.nevado.7857@outlook.com;+34807882689;2025-07-26;Rosario;Argentina
830;Felicia;Gonzalo;felicia.gonzalo.1717@hotmail.com;+34 841762711;2025-07-27;Salto;Uruguay
831;Candelario;Arnau;candelario.arnau.1718@gmail.com;+34 988 57 46 52;2025-07-28;Córdoba;Argentina
832;Gervasio;Pascual;gervasio.pascual.9911@gmail.com;+34 928 762 546;2025-07-28;Sevilla;España
833;Susana;Abella;susana.abella.3767@yahoo.com;+34 880 65 89 55;2025-07-29;Madrid;España
834;Andrea;Pineda;andrea.pineda.1721@gmail.com;+34 900 91 34 46;2025-07-30;Salto;Uruguay
835;Mauricio;Solano;mauricio.solano.9912@gmail.com;+34885 609 639;2025-07-30;Buenos Aires;Argentina
836;Salomé;Santana;salome.santana.9909@hotmail.com;+34803 36 31 22;2025-07-31;Buenos Aires;Argentina
837;Olivia;Ródenas;olivia.rodenas.3774@outlook.com;+34 928 13 74 19;2025-07-31;Córdoba;Argentina
838;Tiburcio;Anglada;tiburcio.anglada.5823@outlook.com;+34821 789 691;2025-08-01;Salto;Uruguay
839;Araceli;Martin;araceli.martin.9918@yahoo.com;+34879453972;2025-08-02;Barcelona;España
840;Domitila;Salcedo;domitila.salcedo.9922@hotmail.com;+34902833139;2025-08-04;Sevilla;España
841;Jose Miguel;Lluch;josemiguel.lluch.9923@outlook.com;+34827 56 91 27;2025-08-04;Córdoba;Argentina
842;Conrado;Serrano;conrado.serrano.7876@gmail.com;+34 806 90 25 51;2025-08-04;Barcelona;España
843;Benita;Cuéllar;benita.cuellar.3781@outlook.com;+34807530754;2025-08-05;Santiago;Chile
844;Lorenza;Pujadas;lorenza.pujadas.3780@hotmail.com;+34736 55 20 19;2025-08-06;Santiago;Chile
845;Yaiza;Leiva;yaiza.leiva.5826@hotmail.com;+34 949 22 20 54;2025-08-09;Salto;Uruguay
846;Máxima;Pina;maxima.pina.9929@yahoo.com;+34 943 223 324;2025-08-09;Buenos Aires;Argentina
847;Loreto;Carranza;loreto.carranza.5835@gmail.com;+34881 57 01 51;2025-08-10;Rosario;Argentina
848;Rosalinda;Hervia;rosalinda.hervia.7886@yahoo.com;+34985 11 65 47;2025-08-11;Córdoba;Argentina
849;Jose Luis;Ramirez;joseluis.ramirez.5838@gmail.com;+34 876 414 275;2025-08-11;Sevilla;España
850;María;Ribera;maria.ribera.9936@yahoo.com;+34 918 11 17 58;2025-08-12;Madrid;España
851;Aroa;Porta;aroa.porta.1745@yahoo.com;+34821 175 654;2025-08-12;Sevilla;España
852;Ambrosio;Jiménez;ambrosio.jimenez.3790@yahoo.com;+34925 351 136;2025-08-13;Montevideo;Uruguay
853;Silvia;Expósito;silvia.exposito.5843@outlook.com;+34986219555;2025-08-13;Punta del Este;Uruguay
854;Quirino;Barberá;quirino.barbera.9940@outlook.com;+34823 29 11 01;2025-08-14;Córdoba;Argentina
855;Valerio;Guzman;valerio.guzman.7893@outlook.com;+34 921 56 60 71;2025-08-15;Valparaíso;Chile
856;Manu;Melero;manu.melero.5844@hotmail.com;+34886 87 86 40;2025-08-16;Buenos Aires;Argentina
857;Ricarda;Iniesta;ricarda.iniesta.3799@hotmail.com;+34827 02 36 54;2025-08-16;Sevilla;España
858;Sebastián;Vendrell;sebastian.vendrell.3801@yahoo.com;+34 920 80 45 92;2025-08-16;Rosario;Argentina
859;Eva María;Benito;evamaria.benito.9945@gmail.com;+34980 26 19 98;2025-08-16;Buenos Aires;Argentina
860;Ulises;Rius;ulises.rius.3804@gmail.com;+34 976 20 25 78;2025-08-17;Rosario;Argentina
861;Edelmira;Lluch;edelmira.lluch.9953@yahoo.com;+34 749 04 77 33;2025-08-18;Punta del Este;Uruguay
862;Marcelino;Jaén;marcelino.jaen.1761@gmail.com;+34 826 041 358;2025-08-19;Salto;Uruguay
863;Mercedes;Sosa;mercedes.sosa.3811@yahoo.com;+34986 539 996;2025-08-19;Rosario;Argentina
864;Tristán;Farré;tristan.farre.7911@yahoo.com;+34942 162 126;2025-08-21;Sevilla;España
865;Amor;Luque;amor.luque.5864@yahoo.com;+34875544571;2025-08-22;Salto;Uruguay
866;Leocadia;Fábregas;leocadia.fabregas.3817@outlook.com;+34 884 831 835;2025-08-23;Rosario;Argentina
867;Macaria;Villalba;macaria.villalba.7914@yahoo.com;+34949 39 78 42;2025-08-23;Punta del Este;Uruguay
868;Cristian;Vaquero;cristian.vaquero.5866@gmail.com;+34 925 60 48 54;2025-08-24;Barcelona;España
869;Remedios;Sanmiguel;remedios.sanmiguel.7916@yahoo.com;+34730551324;2025-08-25;Barcelona;España
870;Fortunato;Casanovas;fortunato.casanovas.3820@gmail.com;+34871 736 228;2025-08-25;Punta del Este;Uruguay
871;Amancio;Larrea;amancio.larrea.5868@outlook.com;+34747759991;2025-08-25;Madrid;España
872;Adelaida;Múñiz;adelaida.muñiz.7919@outlook.com;+34 887782960;2025-08-25;Valparaíso;Chile
873;Loreto;Adán;loreto.adan.1772@gmail.com;+34983 95 61 36;2025-08-26;Barcelona;España
874;Mariana;Heras;mariana.heras.7917@outlook.com;+34947 67 70 37;2025-08-27;Punta del Este;Uruguay
875;Georgina;Cervantes;georgina.cervantes.3821@yahoo.com;+34 848824069;2025-08-28;Punta del Este;Uruguay
876;Josué;Vizcaíno;josue.vizcaino.9963@hotmail.com;+34 871487584;2025-08-29;Montevideo;Uruguay
877;Vilma;Vives;vilma.vives.1780@outlook.com;+34841780454;2025-08-30;Sevilla;España
878;Heraclio;Vázquez;heraclio.vazquez.3829@gmail.com;+34984263054;2025-08-30;Punta del Este;Uruguay
879;Victor;Iriarte;victor.iriarte.1782@gmail.com;+34 946 139 667;2025-09-01;Valparaíso;Chile
880;Trinidad;Saez;trinidad.saez.9973@hotmail.com;+34747 64 44 66;2025-09-02;Concepción;Chile
881;Heraclio;Costa;heraclio.costa.1788@outlook.com;+34871 692 437;2025-09-03;Punta del Este;Uruguay
882;Delfina;Ferreras;delfina.ferreras.5885@yahoo.com;+34 947 812 589;2025-09-03;Córdoba;Argentina
883;Esther;Río;esther.rio.3836@hotmail.com;+34715 33 05 40;2025-09-04;Salto;Uruguay
884;Natalio;Vega;natalio.vega.7936@gmail.com;+34 748453230;2025-09-05;Punta del Este;Uruguay
885;Natanael;Amorós;natanael.amoros.5890@hotmail.com;+34971475124;2025-09-06;Rosario;Argentina
886;Josefa;Sancho;josefa.sancho.3843@yahoo.com;+34971 31 64 16;2025-09-06;Córdoba;Argentina
887;Lucila;Esparza;lucila.esparza.7940@outlook.com;+34986805959;2025-09-06;Salto;Uruguay
888;Judith;Giralt;judith.giralt.1803@outlook.com;+34 824 169 266;2025-09-07;Valparaíso;Chile
889;Quique;Soria;quique.soria.7947@yahoo.com;+34 832305792;2025-09-08;Montevideo;Uruguay
890;Ainoa;Aroca;ainoa.aroca.1815@gmail.com;+34886 869 834;2025-09-09;Concepción;Chile
891;Miguela;Amat;miguela.amat.3868@outlook.com;+34971 408 171;2025-09-10;Sevilla;España
892;Lina;Castell;lina.castell.5916@gmail.com;+34 971 233 370;2025-09-11;Santiago;Chile
893;Silvia;Arrieta;silvia.arrieta.1822@outlook.com;+34 902 136 376;2025-09-12;Sevilla;España
894;Chucho;Gutiérrez;chucho.gutierrez.1825@outlook.com;+34 874 863 579;2025-09-14;Rosario;Argentina
895;Nicanor;Castellanos;nicanor.castellanos.7969@yahoo.com;+34846378181;2025-09-15;Santiago;Chile
896;Luis Miguel;Domingo;luismiguel.domingo.1827@hotmail.com;+34 972207628;2025-09-15;Rosario;Argentina
897;Itziar;Carrera;itziar.carrera.7972@hotmail.com;+34 800 704 166;2025-09-16;Madrid;España
898;Adora;Carrillo;adora.carrillo.7973@gmail.com;+34986 41 25 32;2025-09-17;Rosario;Argentina
899;Jovita;Cepeda;jovita.cepeda.3878@yahoo.com;+34971 77 35 71;2025-09-17;Montevideo;Uruguay
900;Isidro;Romeu;isidro.romeu.1833@yahoo.com;+34 877168146;2025-09-17;Madrid;España
901;Miguela;Mariño;miguela.mariño.5929@gmail.com;+34 921361536;2025-09-17;Montevideo;Uruguay
902;Isaac;Cabrero;isaac.cabrero.5931@yahoo.com;+34 827 472 968;2025-09-19;Santiago;Chile
903;Nazaret;Medina;nazaret.medina.5936@gmail.com;+34888 734 728;2025-09-19;Barcelona;España
904;Carmen;Amaya;carmen.amaya.1843@outlook.com;+34 927 01 26 55;2025-09-19;Madrid;España
905;Zaira;Guzman;zaira.guzman.5942@yahoo.com;+34 982 40 70 38;2025-09-20;Madrid;España
906;Ruperta;Serna;ruperta.serna.5945@gmail.com;+34981 24 16 88;2025-09-20;Salto;Uruguay
907;Jeremías;Toledo;jeremias.toledo.3898@hotmail.com;+34988472021;2025-09-21;Salto;Uruguay
908;Norberto;Cabanillas;norberto.cabanillas.5947@gmail.com;+34983 771 451;2025-09-21;Madrid;España
909;Teodoro;Zurita;teodoro.zurita.3902@yahoo.com;+34 979 579 554;2025-09-22;Sevilla;España
910;Josep;Novoa;josep.novoa.3903@outlook.com;+34882 10 69 18;2025-09-22;Valparaíso;Chile
911;Gertrudis;Galán;gertrudis.galan.3906@outlook.com;+34878485488;2025-09-22;Sevilla;España
912;Zaira;Muro;zaira.muro.1858@outlook.com;+34901903167;2025-09-25;Concepción;Chile
913;Jessica;Dominguez;jessica.dominguez.1861@hotmail.com;+34884 94 32 56;2025-09-26;Buenos Aires;Argentina
914;Isidro;Ochoa;isidro.ochoa.3910@yahoo.com;+34 923637878;2025-09-27;Salto;Uruguay
915;Alondra;Lillo;alondra.lillo.8006@outlook.com;+34 871 555 873;2025-09-28;Buenos Aires;Argentina
916;Lino;Manzano;lino.manzano.5963@outlook.com;+34973 66 86 28;2025-09-29;Montevideo;Uruguay
917;Wilfredo;Peñas;wilfredo.peñas.8013@yahoo.com;+34 846 757 606;2025-09-29;Punta del Este;Uruguay
918;Narcisa;Pedraza;narcisa.pedraza.1870@gmail.com;+34 865 774 184;2025-09-29;Salto;Uruguay
919;Teo;Luque;teo.luque.3919@yahoo.com;+34946 832 083;2025-09-29;Buenos Aires;Argentina
920;Dionisia;Lladó;dionisia.llado.5970@gmail.com;+34 942 74 60 67;2025-09-30;Santiago;Chile
921;Vera;Carlos;vera.carlos.8019@gmail.com;+34 721509097;2025-09-30;Punta del Este;Uruguay
922;Dulce;Jaén;dulce.jaen.8018@outlook.com;+34 825 257 162;2025-09-30;Sevilla;España
923;Ruth;Lucena;ruth.lucena.8024@gmail.com;+34 845 49 20 66;2025-09-30;Valparaíso;Chile
924;Jafet;Páez;jafet.paez.5977@hotmail.com;+34 736 274 293;2025-09-30;Santiago;Chile
925;Ángela;Vall;angela.vall.3931@gmail.com;+34876 08 68 45;2025-10-01;Rosario;Argentina
926;Xiomara;Goicoechea;xiomara.goicoechea.1886@gmail.com;+34 871 58 43 02;2025-10-01;Rosario;Argentina
927;Eva María;Navas;evamaria.navas.8031@gmail.com;+34982942222;2025-10-03;Montevideo;Uruguay
928;Julia;Baños;julia.baños.3938@outlook.com;+34803368510;2025-10-03;Montevideo;Uruguay
929;Clotilde;Mata;clotilde.mata.5987@hotmail.com;+34 844 05 02 45;2025-10-06;Sevilla;España
930;Concha;Pont;concha.pont.3939@outlook.com;+34 976194556;2025-10-06;Montevideo;Uruguay
931;Amanda;Roura;amanda.roura.8041@yahoo.com;+34982 513 588;2025-10-06;Buenos Aires;Argentina
932;Vanesa;Álamo;vanesa.alamo.5993@gmail.com;+34981 880 660;2025-10-07;Salto;Uruguay
933;Sabina;Cuéllar;sabina.cuellar.6000@hotmail.com;+34 948 856 646;2025-10-08;Valparaíso;Chile
934;Benjamín;Buendía;benjamin.buendia.3955@gmail.com;+34841 41 21 19;2025-10-09;Punta del Este;Uruguay
935;Teófila;Marcos;teofila.marcos.1911@yahoo.com;+34 820803792;2025-10-10;Rosario;Argentina
936;Cayetano;Román;cayetano.roman.1915@yahoo.com;+34 972 02 56 98;2025-10-10;Punta del Este;Uruguay
937;María Dolores;Rodríguez;mariadolores.rodriguez.8060@yahoo.com;+34 740 30 29 79;2025-10-10;Salto;Uruguay
938;Rolando;Galindo;rolando.galindo.1921@yahoo.com;+34839 035 103;2025-10-10;Santiago;Chile
939;Augusto;Cánovas;augusto.canovas.3971@hotmail.com;+34920 120 314;2025-10-11;Barcelona;España
940;América;Portillo;america.portillo.3976@gmail.com;+34877404150;2025-10-12;Sevilla;España
941;Rosa María;Merino;rosamaria.merino.1931@yahoo.com;+34 979113986;2025-10-12;Punta del Este;Uruguay
942;Mauricio;Palau;mauricio.palau.6028@hotmail.com;+34972 607 620;2025-10-14;Santiago;Chile
943;Cesar;Alarcón;cesar.alarcon.6029@gmail.com;+34 872 40 21 00;2025-10-14;Montevideo;Uruguay
944;Rufina;Juliá;rufina.julia.8078@yahoo.com;+34901 772 736;2025-10-14;Madrid;España
945;Norberto;Posada;norberto.posada.1935@gmail.com;+34 877718514;2025-10-15;Madrid;España
946;Eusebia;Patiño;eusebia.patiño.1937@hotmail.com;+34 843164129;2025-10-16;Valparaíso;Chile
947;Elba;Rosa;elba.rosa.6035@gmail.com;+34 964 886 149;2025-10-16;Rosario;Argentina
948;Pacífica;Morcillo;pacifica.morcillo.8086@outlook.com;+34 885790716;2025-10-17;Córdoba;Argentina
949;Begoña;Romero;begoña.romero.3991@hotmail.com;+34927 08 74 32;2025-10-17;Concepción;Chile
950;Yolanda;Jover;yolanda.jover.1943@outlook.com;+34737 727 212;2025-10-18;Santiago;Chile
951;Jose Manuel;Andreu;josemanuel.andreu.1947@outlook.com;+34877 89 98 35;2025-10-18;Madrid;España
952;Rafa;Acedo;rafa.acedo.3996@gmail.com;+34980 747 502;2025-10-19;Madrid;España
953;Gervasio;Aparicio;gervasio.aparicio.1949@yahoo.com;+34733 506 624;2025-10-19;Madrid;España
954;Jessica;Escobar;jessica.escobar.8092@yahoo.com;+34 927 866 584;2025-10-21;Madrid;España
955;Azahar;Chaparro;azahar.chaparro.6049@gmail.com;+34827023029;2025-10-21;Barcelona;España
956;Cándida;Parejo;candida.parejo.4004@outlook.com;+34 928 29 91 94;2025-10-23;Madrid;España
957;Narciso;Infante;narciso.infante.4006@outlook.com;+34807 583 492;2025-10-25;Valparaíso;Chile
958;Alba;Noguera;alba.noguera.8105@yahoo.com;+34924 79 14 84;2025-10-28;Valparaíso;Chile
959;Ernesto;Iniesta;ernesto.iniesta.4010@yahoo.com;+34 977 41 62 45;2025-10-29;Madrid;España
960;Rosa;Balaguer;rosa.balaguer.1964@outlook.com;+34 803 012 028;2025-10-29;Barcelona;España
961;Lola;Gras;lola.gras.8114@gmail.com;+34925 23 43 71;2025-10-30;Barcelona;España
962;Caridad;Peñas;caridad.peñas.8115@outlook.com;+34 843761251;2025-10-31;Buenos Aires;Argentina
963;Andrea;Millán;andrea.millan.4020@yahoo.com;+34976 518 735;2025-11-02;Punta del Este;Uruguay
964;Nidia;Corbacho;nidia.corbacho.8119@yahoo.com;+34 873 01 83 50;2025-11-03;Valparaíso;Chile
965;Cándido;Mate;candido.mate.4026@outlook.com;+34982 35 18 04;2025-11-05;Valparaíso;Chile
966;Marcelino;Español;marcelino.español.1979@yahoo.com;+34 946 518 384;2025-11-05;Valparaíso;Chile
967;Luis Miguel;Clavero;luismiguel.clavero.4028@hotmail.com;+34987141877;2025-11-05;Valparaíso;Chile
968;Ildefonso;Bilbao;ildefonso.bilbao.1986@hotmail.com;+34 734 323 836;2025-11-06;Rosario;Argentina
969;Andrés Felipe;Montenegro;andresfelipe.montenegro.1987@yahoo.com;+34 944 509 176;2025-11-07;Santiago;Chile
970;Anacleto;Pedrero;anacleto.pedrero.8134@gmail.com;+34 981 00 12 55;2025-11-07;Concepción;Chile
971;Fernando;Plaza;fernando.plaza.1992@outlook.com;+34924 424 159;2025-11-09;Barcelona;España
972;Maricela;Vélez;maricela.velez.6089@outlook.com;+34 977557418;2025-11-11;Montevideo;Uruguay
973;Aura;Portero;aura.portero.6092@yahoo.com;+34 806 00 16 44;2025-11-12;Rosario;Argentina
974;Prudencio;Higueras;prudencio.higueras.8142@hotmail.com;+34927 015 470;2025-11-12;Barcelona;España
975;Aureliano;Merino;aureliano.merino.6096@outlook.com;+34887057643;2025-11-12;Barcelona;España
976;Ariel;Cid;ariel.cid.6097@outlook.com;+34839351072;2025-11-12;Barcelona;España
977;Reyes;Gonzalo;reyes.gonzalo.8144@yahoo.com;+34824577644;2025-11-13;Sevilla;España
978;Otilia;Piña;otilia.piña.6102@yahoo.com;+34 881 246 026;2025-11-15;Concepción;Chile
979;Obdulia;Bonet;obdulia.bonet.2008@hotmail.com;+34823 80 80 97;2025-11-17;Rosario;Argentina
980;Ema;Camps;ema.camps.8154@outlook.com;+34 922356451;2025-11-17;Salto;Uruguay
981;Agustín;Sedano;agustin.sedano.8156@outlook.com;+34873 03 71 71;2025-11-18;Barcelona;España
982;Adela;Torrents;adela.torrents.6110@gmail.com;+34 823650946;2025-11-18;Buenos Aires;Argentina
983;Heraclio;Morante;heraclio.morante.4065@yahoo.com;+34 800 53 18 90;2025-11-18;Montevideo;Uruguay
984;Alcides;Torrents;alcides.torrents.4067@hotmail.com;+34 943 31 19 60;2025-11-21;Rosario;Argentina
985;Julián;Garzón;julian.garzon.8165@hotmail.com;+34921 04 71 44;2025-11-21;Santiago;Chile
986;Eduardo;Pina;eduardo.pina.4072@outlook.com;+34850184149;2025-11-21;Rosario;Argentina
987;Maribel;Sevilla;maribel.sevilla.4073@hotmail.com;+34971880608;2025-11-21;Valparaíso;Chile
988;Noé;Baños;noe.baños.2024@yahoo.com;+34884 01 45 84;2025-11-24;Madrid;España
989;Ángela;Estrada;angela.estrada.6123@yahoo.com;+34 880 671 816;2025-11-25;Rosario;Argentina
990;Dalila;Vera;dalila.vera.6124@hotmail.com;+34 927 824 963;2025-11-26;Buenos Aires;Argentina
991;Irma;Tejedor;irma.tejedor.8175@outlook.com;+34 943395367;2025-11-27;Concepción;Chile
992;Fidela;Agustín;fidela.agustin.4080@hotmail.com;+34947 942 931;2025-11-27;Sevilla;España
993;Priscila;Vicens;priscila.vicens.2035@outlook.com;+34 921 03 77 63;2025-11-28;Madrid;España
994;Clara;Zaragoza;clara.zaragoza.4084@yahoo.com;+34900 432 596;2025-11-29;Santiago;Chile
995;Elpidio;Francisco;elpidio.francisco.6136@yahoo.com;+34 926 75 33 12;2025-11-30;Valparaíso;Chile
996;Lupe;Tapia;lupe.tapia.4089@hotmail.com;+34819 286 701;2025-11-30;Montevideo;Uruguay
997;Violeta;Serra;violeta.serra.4090@gmail.com;+34873 405 224;2025-12-01;Buenos Aires;Argentina
998;Nidia;Yuste;nidia.yuste.2044@outlook.com;+34879 21 17 98;2025-12-03;Punta del Este;Uruguay
999;Luciano;Luque;luciano.luque.2046@outlook.com;+34879466263;2025-12-04;Santiago;Chile
1000;Josefa;Cid;josefa.cid.4095@yahoo.com;+34 800 150 721;2025-12-04;Madrid;España
